INSERT INTO `donations` (`id`, `sponsor`, `quota`, `remain`, `take`, `hour`, `location`, `maps`, `notes`, `status`, `created_at`, `updated_at`) VALUES
(3, 2, 40, 0, '2024-07-07', 9, 'Podocarpus Corner', 'https://maps.app.goo.gl/qcD3VUYT1ynjysi19', NULL, 'selesai', '2024-07-06 04:00:00', '2024-10-29 13:53:06'),
(4, 1, 45, 0, '2024-07-18', 9, 'Podocarpus Corner', 'https://maps.app.goo.gl/qcD3VUYT1ynjysi19', NULL, 'selesai', '2024-07-18 04:00:00', '2024-10-29 13:07:22'),
(8, 1, 42, 0, '2024-07-25', 9, 'Podocarpus Corner', 'https://maps.app.goo.gl/qcD3VUYT1ynjysi19\r\n', 'UGM dan Yayasan Hamba', 'selesai', '2024-07-24 22:21:50', '2024-10-29 12:39:43'),
(10, 1, 43, 0, '2024-08-01', 13, 'Podocarpus Corner', 'https://maps.app.goo.gl/qcD3VUYT1ynjysi19', 'Mahasisiwa, Komunitas Marjinal, PK4L UGM', 'selesai', '2024-08-01 00:22:18', '2024-10-29 13:21:01'),
(11, 1, 45, 0, '2024-09-12', 13, 'Podocarpus Corner', 'https://maps.app.goo.gl/qcD3VUYT1ynjysi19', NULL, 'selesai', '2024-09-11 01:45:54', '2024-10-29 13:10:15'),
(12, 3, 26, 0, '2024-09-22', 12, 'Podocarpus Corner', 'https://maps.app.goo.gl/fLXhqkUPoZ6VQnheA', NULL, 'selesai', '2024-09-21 15:50:49', '2024-10-29 12:50:55'),
(13, 1, 50, 5, '2024-10-03', 11, 'Podocarpus Corner', 'https://maps.app.goo.gl/S2SMN83AsNaRcNsG9', NULL, 'selesai', '2024-09-24 21:14:39', '2024-10-03 09:59:00'),
(14, 3, 19, 2, '2024-09-29', 12, 'Podocarpus Corner', 'https://maps.app.goo.gl/VrX3MXTNoBC8wdUi9', NULL, 'selesai', '2024-09-28 00:53:55', '2024-10-30 04:54:52'),
(16, 3, 19, 0, '2024-10-06', 12, 'Podocarpus Corner', 'https://maps.app.goo.gl/qcD3VUYT1ynjysi19', NULL, 'selesai', '2024-10-05 01:20:33', '2024-10-29 13:15:19'),
(18, 3, 28, 0, '2024-10-13', 12, 'Podocarpus Corner', 'https://maps.app.goo.gl/qcD3VUYT1ynjysi19', NULL, 'selesai', '2024-10-12 21:18:00', '2024-10-29 13:27:48'),
(19, 1, 40, 0, '2024-10-17', 11, 'Podocarpus Corner', 'https://maps.app.goo.gl/qcD3VUYT1ynjysi19', NULL, 'selesai', '2024-10-16 00:24:37', '2024-10-29 13:27:53'),
(20, 3, 15, 0, '2024-10-20', 12, 'Podocarpus Corner', 'https://maps.app.goo.gl/qcD3VUYT1ynjysi19', NULL, 'selesai', '2024-10-19 01:25:17', '2024-10-29 13:28:08'),
(21, 1, 40, 1, '2024-10-24', 11, 'Podocarpus Corner', 'https://maps.app.goo.gl/qcD3VUYT1ynjysi19', NULL, 'selesai', '2024-10-23 05:26:30', '2024-10-26 00:59:23'),
(22, 1, 33, 0, '2024-08-15', 12, 'Podocarpus Corner', 'https://maps.app.goo.gl/tjZgZRF7BvYBTZfAA', 'Wali pasien kanker RS Sardjito', 'selesai', '2024-10-25 06:20:09', '2024-10-29 12:42:14'),
(23, 1, 60, 0, '2024-08-22', 12, 'Podocarpus Corner', 'https://maps.app.goo.gl/tjZgZRF7BvYBTZfAA', 'RZIS UGM', 'selesai', '2024-10-25 06:28:36', '2024-10-29 12:43:29'),
(24, 1, 40, 0, '2024-08-29', 12, 'Podocarpus Corner', 'https://maps.app.goo.gl/tjZgZRF7BvYBTZfAA', NULL, 'selesai', '2024-10-25 06:34:45', '2024-10-29 12:44:15'),
(25, 1, 33, 0, '2024-09-05', 12, 'Podocarpus Corner', 'https://maps.app.goo.gl/tjZgZRF7BvYBTZfAA', NULL, 'selesai', '2024-10-25 06:39:34', '2024-10-29 12:45:02'),
(26, 2, 15, 0, '2024-09-08', 12, 'Podocarpus Corner', 'https://maps.app.goo.gl/tjZgZRF7BvYBTZfAA', NULL, 'selesai', '2024-10-25 06:40:21', '2024-10-29 12:45:33'),
(27, 3, 30, 0, '2024-09-15', 12, 'Podocarpus Corner', 'https://maps.app.goo.gl/tjZgZRF7BvYBTZfAA', NULL, 'selesai', '2024-10-25 06:41:43', '2024-10-29 12:47:55'),
(28, 1, 60, 0, '2024-09-19', 12, 'Podocarpus Corner', 'https://maps.app.goo.gl/tjZgZRF7BvYBTZfAA', NULL, 'selesai', '2024-10-25 06:42:46', '2024-10-29 12:48:00'),
(29, 1, 78, 0, '2024-10-10', 12, 'Podocarpus Corner', 'https://maps.app.goo.gl/tjZgZRF7BvYBTZfAA', NULL, 'selesai', '2024-10-25 06:44:07', '2024-10-29 12:51:00'),
(30, 2, 30, 0, '2024-10-13', 12, 'Podocarpus Corner', 'https://maps.app.goo.gl/tjZgZRF7BvYBTZfAA', NULL, 'selesai', '2024-10-25 06:45:33', '2024-10-29 12:51:38'),
(31, 2, 100, 0, '2024-08-21', 12, 'Podocarpus Corner', 'https://maps.app.goo.gl/tjZgZRF7BvYBTZfAA', 'Warga Blimbingsari', 'selesai', '2024-10-25 06:52:06', '2024-10-29 12:43:24'),
(33, 3, 15, 0, '2024-10-27', 12, 'Podocarpus Corner', 'https://maps.app.goo.gl/tjZgZRF7BvYBTZfAA', NULL, 'selesai', '2024-10-26 04:55:50', '2024-10-27 00:36:54'),
(34, 1, 15, 0, '2024-10-31', 11, 'Podocarpus Corner', 'https://maps.app.goo.gl/tjZgZRF7BvYBTZfAA', NULL, 'selesai', '2024-10-30 10:49:28', '2024-10-31 03:18:53'),
(35, 3, 15, 3, '2024-11-02', 12, 'Gedung Pascasarjana FKKMK UGM', 'https://maps.app.goo.gl/eN6jXuFE9GnTWdfJ8', NULL, 'selesai', '2024-11-02 04:44:35', '2024-11-06 11:04:07'),
(36, 2, 20, 1, '2024-11-02', 12, 'Gedung Pascasarjana FKKMK UGM', 'https://maps.app.goo.gl/eN6jXuFE9GnTWdfJ8', NULL, 'selesai', '2024-11-02 04:45:26', '2024-11-02 05:55:31'),
(37, 1, 30, 0, '2024-11-07', 11, 'Podocarpus Corner', 'https://maps.app.goo.gl/tjZgZRF7BvYBTZfAA', NULL, 'selesai', '2024-11-07 00:03:34', '2024-11-07 06:50:19'),
(39, 3, 15, 3, '2024-11-10', 12, 'Podocarpus Corner', 'https://maps.app.goo.gl/tjZgZRF7BvYBTZfAA', NULL, 'selesai', '2024-11-09 05:48:37', '2024-11-13 09:37:28'),
(40, 4, 30, 19, '2024-11-10', 12, 'Podocarpus Corner', 'https://maps.app.goo.gl/tjZgZRF7BvYBTZfAA', NULL, 'selesai', '2024-11-10 01:48:08', '2024-11-13 09:37:50'),
(41, 1, 25, 0, '2024-11-14', 11, 'Podocarpus Corner', 'https://maps.app.goo.gl/tjZgZRF7BvYBTZfAA', NULL, 'aktif', '2024-11-13 09:33:04', '2024-11-13 09:44:21');

INSERT INTO `foods` (`id`, `donation`, `name`, `quantity`, `weight`, `unit`, `notes`, `created_at`, `updated_at`) VALUES
(1, 3, 'Kentang Balado', 23, 0, 'gr', NULL, '2024-10-26 07:04:29', '2024-10-29 13:51:00'),
(2, 3, 'Sosis', 20, 0, 'gr', NULL, '2024-10-26 07:04:29', '2024-10-26 07:04:29'),
(3, 3, 'Sayur Lodeh', 10, 0, 'gr', NULL, '2024-10-26 07:04:29', '2024-10-29 13:51:29'),
(4, 3, 'Mie Telur', 20, 0, 'gr', NULL, '2024-10-26 07:04:29', '2024-10-26 07:04:29'),
(5, 3, 'Spaghetti', 10, 0, 'gr', NULL, '2024-10-26 07:04:29', '2024-10-26 07:04:29'),
(6, 3, 'Gudeg', 26, 0, 'gr', NULL, '2024-10-26 07:04:29', '2024-10-29 13:51:56'),
(7, 4, 'Roti Kering', 79, 0, 'gr', NULL, '2024-10-26 07:08:29', '2024-10-26 07:08:29'),
(8, 8, 'Roti Kering', 75, 0, 'gr', NULL, '2024-10-26 07:08:29', '2024-10-26 07:08:29'),
(9, 10, 'Roti Kering', 65, 0, 'gr', NULL, '2024-10-26 07:08:29', '2024-10-26 07:08:29'),
(10, 22, 'Roti Kering', 65, 0, 'gr', NULL, '2024-10-26 07:08:29', '2024-10-26 07:08:29'),
(11, 23, 'Roti Kering', 60, 0, 'gr', NULL, '2024-10-26 07:08:29', '2024-10-26 07:08:29'),
(12, 24, 'Roti Kering', 70, 0, 'gr', NULL, '2024-10-26 07:19:00', '2024-10-26 07:19:00'),
(13, 25, 'Roti Balok Topping', 9, 0, 'gr', NULL, '2024-10-26 07:20:00', '2024-10-26 07:20:00'),
(14, 25, 'Roti Kepang', 10, 0, 'gr', NULL, '2024-10-26 07:20:00', '2024-10-26 07:20:00'),
(15, 25, 'Roti Kecil', 40, 0, 'gr', NULL, '2024-10-26 07:20:00', '2024-10-26 07:20:00'),
(16, 26, 'Ikan Asam Manis', 0, 500, 'gr', NULL, '2024-10-26 07:21:00', '2024-10-26 07:21:00'),
(17, 26, 'Ayam Rendang', 0, 500, 'gr', NULL, '2024-10-26 07:21:00', '2024-10-26 07:21:00'),
(18, 26, 'Pasta Fusion', 0, 500, 'gr', NULL, '2024-10-26 07:21:00', '2024-10-26 07:21:00'),
(19, 26, 'Grill Sausage', 0, 500, 'gr', NULL, '2024-10-26 07:21:00', '2024-10-26 07:21:00'),
(20, 26, 'Roasted Chicken', 0, 500, 'gr', NULL, '2024-10-26 07:21:00', '2024-10-26 07:21:00'),
(21, 26, 'Sayur Kapau', 0, 500, 'gr', NULL, '2024-10-26 07:21:00', '2024-10-26 07:21:00'),
(22, 11, 'Roti Kering', 63, 6840, 'gr', NULL, '2024-10-26 07:22:00', '2024-10-29 13:41:34'),
(23, 27, 'Ayam Charsiu', 0, 1000, 'gr', NULL, '2024-10-26 07:23:00', '2024-10-26 07:23:00'),
(24, 27, 'Bihun Goreng', 0, 500, 'gr', NULL, '2024-10-26 07:23:00', '2024-10-26 07:23:00'),
(25, 27, 'Tahu Sapo', 0, 1000, 'gr', NULL, '2024-10-26 07:23:00', '2024-10-26 07:23:00'),
(26, 27, 'Sayur Lodeh', 0, 1000, 'gr', NULL, '2024-10-26 07:23:00', '2024-10-26 07:23:00'),
(27, 27, 'Nasi Goreng', 0, 1000, 'gr', NULL, '2024-10-26 07:23:00', '2024-10-26 07:23:00'),
(28, 28, 'Roti Kering', 60, 5400, 'gr', NULL, '2024-10-26 07:24:00', '2024-10-29 13:41:06'),
(29, 12, 'Nasi Putih', 0, 913, 'gr', NULL, '2024-10-26 07:30:00', '2024-10-26 07:30:00'),
(30, 12, 'Nasi Goreng Buah Naga', 0, 2007, 'gr', NULL, '2024-10-26 07:30:00', '2024-10-26 07:30:00'),
(31, 12, 'Bihun Goreng', 0, 1198, 'gr', NULL, '2024-10-26 07:30:00', '2024-10-26 07:30:00'),
(32, 12, 'Sayur', 0, 1037, 'gr', NULL, '2024-10-26 07:30:00', '2024-10-26 07:30:00'),
(33, 12, 'Tahu', 0, 500, 'gr', NULL, '2024-10-26 07:30:00', '2024-10-26 07:30:00'),
(34, 12, 'Ayam Rica', 0, 2189, 'gr', NULL, '2024-10-26 07:30:00', '2024-10-26 07:30:00'),
(35, 12, 'Pasta Alfredo', 0, 681, 'gr', NULL, '2024-10-26 07:30:00', '2024-10-26 07:30:00'),
(36, 14, 'Mie Goreng', 0, 718, 'gr', NULL, '2024-10-26 07:35:00', '2024-10-26 07:35:00'),
(37, 14, 'Nasi Goreng Buah Naga', 0, 2225, 'gr', NULL, '2024-10-26 07:35:00', '2024-10-26 07:35:00'),
(38, 14, 'Telur Gobal-Gabul', 0, 774, 'gr', NULL, '2024-10-26 07:35:00', '2024-10-26 07:35:00'),
(39, 14, 'Cah Sawi', 0, 1160, 'gr', NULL, '2024-10-26 07:35:00', '2024-10-26 07:35:00'),
(40, 14, 'Bihun Goreng', 0, 679, 'gr', NULL, '2024-10-26 07:35:00', '2024-10-26 07:35:00'),
(41, 13, 'Roti Kering', 60, 5305, 'gr', NULL, '2024-10-26 07:35:00', '2024-10-29 13:38:36'),
(42, 16, 'Ayam Kecap', 0, 1225, 'gr', NULL, '2024-10-26 07:40:00', '2024-10-26 07:40:00'),
(43, 16, 'Bakwan', 0, 935, 'gr', NULL, '2024-10-26 07:40:00', '2024-10-26 07:40:00'),
(44, 16, 'Ikan Asam Manis', 0, 1120, 'gr', NULL, '2024-10-26 07:40:00', '2024-10-26 07:40:00'),
(45, 16, 'Mie Goreng', 0, 656, 'gr', NULL, '2024-10-26 07:40:00', '2024-10-26 07:40:00'),
(46, 16, 'Nasi Merah', 0, 967, 'gr', NULL, '2024-10-26 07:40:00', '2024-10-26 07:40:00'),
(47, 16, 'Nasi Goreng', 0, 855, 'gr', NULL, '2024-10-26 07:40:00', '2024-10-26 07:40:00'),
(48, 16, 'Capcay', 0, 792, 'gr', NULL, '2024-10-26 07:40:00', '2024-10-26 07:40:00'),
(49, 16, 'Bihun Goreng', 0, 998, 'gr', NULL, '2024-10-26 07:40:00', '2024-10-26 07:40:00'),
(50, 16, 'Nasi Putih', 0, 1219, 'gr', NULL, '2024-10-26 07:40:00', '2024-10-26 07:40:00'),
(51, 29, 'Roti Kering', 78, 6025, 'gr', NULL, '2024-10-26 07:50:00', '2024-10-29 13:37:29'),
(52, 18, 'Nasi Putih', 0, 1500, 'gr', NULL, '2024-10-26 07:55:00', '2024-10-26 07:55:00'),
(53, 18, 'Mie Goreng', 0, 1000, 'gr', NULL, '2024-10-26 07:55:00', '2024-10-26 07:55:00'),
(54, 18, 'Gudeg', 0, 1500, 'gr', NULL, '2024-10-26 07:55:00', '2024-10-26 07:55:00'),
(55, 18, 'Ayam Betutu', 0, 2000, 'gr', NULL, '2024-10-26 07:55:00', '2024-10-26 07:55:00'),
(56, 18, 'Kentang', 0, 500, 'gr', NULL, '2024-10-26 07:55:00', '2024-10-26 07:55:00'),
(57, 18, 'Tahu', 0, 1200, 'gr', NULL, '2024-10-26 07:55:00', '2024-10-26 07:55:00'),
(58, 18, 'Nasi Merah', 0, 2600, 'gr', NULL, '2024-10-26 07:55:00', '2024-10-26 07:55:00'),
(59, 30, 'Ayam Kemangi', 0, 1777, 'gr', NULL, '2024-10-26 00:56:31', '2024-10-26 00:56:31'),
(60, 30, 'Ayam Kemangi', 0, 2115, 'gr', NULL, '2024-10-26 00:56:59', '2024-10-26 00:56:59'),
(61, 30, 'Spaghetti', 0, 1852, 'gr', NULL, '2024-10-26 00:57:18', '2024-10-26 00:57:18'),
(62, 30, 'Ayam Lada Hitam', 0, 2438, 'gr', NULL, '2024-10-26 00:57:36', '2024-10-26 00:57:36'),
(63, 30, 'Ikan Asam Manis', 0, 1904, 'gr', NULL, '2024-10-26 00:57:51', '2024-10-26 00:57:51'),
(64, 30, 'Kentang Mushroom Sauce', 0, 1773, 'gr', NULL, '2024-10-26 00:58:08', '2024-10-26 00:58:08'),
(65, 30, 'Nasi Putih', 0, 1930, 'gr', NULL, '2024-10-26 00:58:22', '2024-10-26 00:58:22'),
(66, 19, 'Roti Kering', 70, 5770, 'gr', NULL, '2024-10-26 00:58:53', '2024-10-29 13:36:56'),
(67, 21, 'Roti Kering', 82, 7930, 'gr', NULL, '2024-10-26 00:59:17', '2024-10-29 13:36:31'),
(68, 20, 'Nasi Merah', 0, 1221, 'gr', NULL, '2024-10-26 01:00:41', '2024-10-26 01:00:41'),
(69, 20, 'Mie Goreng', 0, 653, 'gr', NULL, '2024-10-26 01:00:53', '2024-10-26 01:00:53'),
(70, 20, 'Bihun', 0, 1021, 'gr', NULL, '2024-10-26 01:01:09', '2024-10-26 01:01:09'),
(71, 20, 'Mie Putih', 0, 522, 'gr', NULL, '2024-10-26 01:01:24', '2024-10-26 01:01:24'),
(72, 20, 'Sayur Buncis', 0, 384, 'gr', NULL, '2024-10-26 01:01:39', '2024-10-26 01:01:39'),
(73, 20, 'Ayam Kuning', 0, 921, 'gr', NULL, '2024-10-26 01:01:59', '2024-10-26 01:01:59'),
(74, 20, 'Nasi Putih', 0, 1277, 'gr', NULL, '2024-10-26 01:02:15', '2024-10-26 01:02:15'),
(75, 20, 'Ayam Merah', 0, 1257, 'gr', NULL, '2024-10-26 01:04:02', '2024-10-26 01:04:02'),
(76, 33, 'Ayam lada hitam', 0, 966, 'gr', NULL, '2024-10-27 00:32:55', '2024-10-27 00:32:55'),
(77, 33, 'Bihun goreng', 0, 678, 'gr', NULL, '2024-10-27 00:33:29', '2024-10-27 00:33:29'),
(78, 33, 'Capcay', 0, 587, 'gr', NULL, '2024-10-27 00:33:50', '2024-10-27 00:33:50'),
(79, 33, 'Mie goreng', 0, 373, 'gr', NULL, '2024-10-27 00:34:27', '2024-10-27 00:34:27'),
(80, 33, 'Tahu gulai', 0, 1205, 'gr', NULL, '2024-10-27 00:35:04', '2024-10-27 00:35:04'),
(81, 33, 'Nasi merah', 0, 232, 'gr', NULL, '2024-10-27 00:35:38', '2024-10-27 00:35:38'),
(82, 33, 'Nasi goreng', 0, 1363, 'gr', NULL, '2024-10-27 00:35:56', '2024-10-27 00:35:56'),
(83, 33, 'Sosis', 0, 311, 'gr', NULL, '2024-10-27 00:36:19', '2024-10-27 00:36:19'),
(84, 3, 'Ayam', 37, 0, 'gr', NULL, '2024-10-29 13:52:37', '2024-10-29 13:52:37'),
(85, 3, 'Ikan Asam Manis', 20, 0, 'gr', NULL, '2024-10-29 13:52:52', '2024-10-29 13:52:52'),
(86, 34, 'Roti Kering', 76, 5700, 'gr', NULL, '2024-10-31 03:16:44', '2024-10-31 03:16:44'),
(87, 35, 'Nasi kotak', 15, 4800, 'gr', NULL, '2024-11-02 04:50:13', '2024-11-02 04:52:29'),
(88, 36, 'Nasi kotak', 20, 6400, 'gr', NULL, '2024-11-02 04:52:08', '2024-11-06 05:03:06'),
(89, 37, 'Roti kering', 65, 5780, 'gr', NULL, '2024-11-07 01:55:42', '2024-11-07 01:55:56');

INSERT INTO `sponsors` (`id`, `name`, `address`, `email`, `phone`, `created_at`, `updated_at`) VALUES
(1, 'Holland Bakery', 'Gatau', 'gatau@gatau.com', '00', '2024-10-25 03:54:18', '2024-10-25 03:54:18'),
(2, 'Sheraton Hotel', 'Gatau', 'gatau@gatau.com', '00', '2024-10-25 03:54:35', '2024-10-25 03:54:35'),
(3, 'Artotel', 'Gatau', 'gatau@gatau.com', '00', '2024-10-25 03:54:46', '2024-10-25 03:54:46'),
(4, 'CGF Boyolali', '-', 'gatau@gatau.com', '-', '2024-11-10 01:47:10', '2024-11-10 01:47:10');

INSERT INTO `heroes` (`id`, `name`, `phone`, `faculty`, `status`, `donation`, `code`, `created_at`, `updated_at`) VALUES
(1, 'Fariha Ramadhani', '62811288901', 'Kehutanan', 'sudah', 3, '123456', '2024-07-06 20:44:59', '2024-07-29 18:09:33'),
(2, 'Ema Zuli Ayu Lestari', '6285608655683', 'MIPA', 'sudah', 3, '234567', '2024-07-06 20:45:07', '2024-07-29 18:09:45'),
(3, 'Azka Adelia', '628990655819', 'Ilmu Budaya', 'sudah', 3, '345678', '2024-07-06 21:25:04', '2024-07-29 18:09:42'),
(4, 'Diska Malikhatu Z N', '6282331365461', 'Ilmu Budaya', 'sudah', 3, '456789', '2024-07-06 21:43:05', '2024-07-29 18:09:48'),
(5, 'Iffa Kamila Sandy', '6285216320635', 'Hukum', 'sudah', 3, '567890', '2024-07-06 21:43:42', '2024-07-29 18:09:50'),
(6, 'Angela Merici Maurus', '6281393454079', 'Ilmu Budaya', 'sudah', 3, '678901', '2024-07-06 21:45:57', '2024-07-29 18:09:53'),
(7, 'Nur Fadlilatul Lailil Mukarromah', '6285606031347', 'Filsafat', 'sudah', 3, '789012', '2024-07-06 21:48:28', '2024-07-29 18:10:14'),
(8, 'Zakia', '6281779454421', 'Pertanian', 'sudah', 3, '890123', '2024-07-06 22:01:19', '2024-07-29 18:09:56'),
(9, 'Juli Nur Haliza', '6282258282029', 'Pertanian', 'sudah', 3, '901234', '2024-07-06 22:01:29', '2024-07-29 18:10:25'),
(10, 'Khansa', '62895360719239', 'Filsafat', 'sudah', 3, '012345', '2024-07-06 22:23:05', '2024-07-29 18:10:28'),
(11, 'Iffa Kamila Sandg', '6282324971095', 'Hukum', 'sudah', 3, '123457', '2024-07-06 22:24:59', '2024-07-29 18:10:00'),
(12, 'Mahda Ryzma Damayanti', '62895386092180', 'Fisipol', 'sudah', 3, '345679', '2024-07-06 22:44:21', '2024-07-29 18:10:32'),
(13, 'Amarily', '6285655806071', 'Fisipol', 'sudah', 3, '456780', '2024-07-06 22:55:01', '2024-07-29 18:10:18'),
(14, 'Fathia Zalfa Khairani', '+6282113444762', 'Psikologi', 'sudah', 3, '567891', '2024-07-06 23:02:08', '2024-07-29 18:10:07'),
(15, 'Tiffany Trisha Pasaribu', '6281910977905', 'Hukum', 'sudah', 3, '678902', '2024-07-06 23:24:04', '2024-07-29 18:10:35'),
(16, 'Dhea Nataya', '6289524197300', 'Ilmu Budaya', 'sudah', 3, '789013', '2024-07-06 10:00:00', '2024-07-29 18:10:03'),
(17, 'Felinda Indah', '62895591326470', 'Ilmu Budaya', 'sudah', 3, '890124', '2024-07-06 10:00:00', '2024-07-29 18:11:18'),
(18, 'Fahri', '62895422491729', 'Fisipol', 'sudah', 3, '901235', '2024-07-06 10:00:00', '2024-07-29 18:10:22'),
(19, 'Prima', '6285876700892', 'Teknologi Pertanian', 'sudah', 3, '012346', '2024-07-06 10:00:00', '2024-07-29 18:11:20'),
(20, 'Adinda', '6289613580913', 'Vokasi', 'sudah', 3, '123458', '2024-07-06 10:00:00', '2024-07-29 18:10:10'),
(21, 'Amalia', '6287858161650', 'Hukum', 'sudah', 3, '234569', '2024-07-06 10:00:00', '2024-07-29 18:09:39'),
(22, 'Nayla Hafizhah Maulida', '6281542600668', 'Ilmu Budaya', 'sudah', 4, '123456', '2024-07-17 04:15:32', '2024-07-29 18:19:40'),
(23, 'Rania', '6285740297985', 'Ilmu Budaya', 'sudah', 4, '234567', '2024-07-17 04:30:39', '2024-07-29 18:19:42'),
(24, 'Azizah Rahma Setiawan', '6285867694906', 'Kedokteran', 'sudah', 4, '345678', '2024-07-17 04:53:54', '2024-07-29 18:19:44'),
(25, 'Yunita', '6289612626530', 'Pertanian', 'sudah', 4, '456789', '2024-07-17 05:07:07', '2024-07-29 18:19:45'),
(26, 'Zakiatul', '6281779454421', 'Pertanian', 'sudah', 4, '567890', '2024-07-17 05:08:04', '2024-07-29 18:19:47'),
(27, 'Wulan Emilia', '6285647548425', 'Kehutanan', 'sudah', 4, '678901', '2024-07-17 05:12:41', '2024-07-29 18:19:48'),
(28, 'Krisnina Meilani Wardhani', '6282374517896', 'Hukum', 'sudah', 4, '789012', '2024-07-17 07:20:59', '2024-07-29 18:19:51'),
(29, 'Leli', '6285606031347', 'Filsafat', 'sudah', 4, '890123', '2024-07-17 17:02:02', '2024-07-29 18:19:52'),
(30, 'Khansa Muthia', '62895360719239', 'Filsafat', 'sudah', 4, '901234', '2024-07-17 17:02:35', '2024-07-29 18:19:54'),
(31, 'Regin Aprilian', '6287729293388', 'Ilmu Budaya', 'sudah', 4, '012345', '2024-07-17 17:24:31', '2024-07-29 18:19:56'),
(32, 'Geraldine Rosemary Sondakh', '628998426330', 'Hukum', 'sudah', 4, '123457', '2024-07-17 17:34:48', '2024-07-29 18:19:57'),
(33, 'Adrian Pratama Nasution', '6281378169649', 'Hukum', 'sudah', 4, '234568', '2024-07-17 17:47:21', '2024-07-29 18:19:59'),
(34, 'Betty Situmorang', '6289654956756', 'Hukum', 'sudah', 4, '345679', '2024-07-17 18:21:14', '2024-07-17 18:21:14'),
(35, 'Muhammad Bintang Akbar', '6281903987793', 'Fisipol', 'sudah', 4, '456780', '2024-07-17 18:32:35', '2024-07-17 18:32:35'),
(36, 'Fachrudin Abdul Rozaq', '628998907573', 'Ilmu Budaya', 'sudah', 4, '567891', '2024-07-17 18:32:44', '2024-07-17 18:32:44'),
(37, 'Erina Catur Widiyaningrum', '6285725234730', 'Teknologi Pertanian', 'sudah', 4, '678902', '2024-07-17 18:33:01', '2024-07-17 18:33:01'),
(38, 'Bagus Dwi Putra Atmaja', '6281567655553', 'Teknologi Pertanian', 'sudah', 4, '789013', '2024-07-17 19:18:23', '2024-07-17 19:18:23'),
(39, 'Himatul Aliyah', '6281238269494', 'Pertanian', 'sudah', 4, '890124', '2024-07-17 19:24:08', '2024-07-17 19:24:08'),
(40, 'Tiffany', '6289', 'Hukum', 'sudah', 4, '901235', '2024-07-17 19:31:53', '2024-07-17 19:31:53'),
(41, 'Bagaskara Nur Rahmattulloh', '6282331603496', 'Teknologi Pertanian', 'sudah', 4, '012346', '2024-07-17 19:37:18', '2024-07-17 19:37:18'),
(42, 'Yazid Sholih', '6282331603496', 'Teknologi Pertanian', 'sudah', 4, '123458', '2024-07-17 19:38:37', '2024-07-17 19:38:37'),
(43, 'Abdi Sihol', '6282331603496', 'Teknologi Pertanian', 'sudah', 4, '234569', '2024-07-17 19:39:35', '2024-07-17 19:39:35'),
(45, 'Dinda Ariana', '6285878518199', 'Ilmu Budaya', 'sudah', 8, '456781', '2024-07-24 00:53:21', '2024-07-24 00:53:21'),
(46, 'Regin Aprilian', '6287729293388', 'Ilmu Budaya', 'sudah', 8, '567892', '2024-07-24 01:07:27', '2024-07-24 01:07:27'),
(47, 'Efi Munasifah', '6282314403940', 'Ilmu Budaya', 'sudah', 8, '678903', '2024-07-24 02:15:51', '2024-07-24 02:15:51'),
(50, 'Aulia Zahra Arifianti', '6281542840898', 'Hukum', 'sudah', 8, '901236', '2024-07-24 02:51:59', '2024-07-24 02:51:59'),
(51, 'Dilva Febyola', '628973701530', 'Hukum', 'sudah', 8, '012347', '2024-07-24 02:54:42', '2024-07-24 02:54:42'),
(52, 'Nayla Hafizhah Maulida', '6281542600668', 'Ilmu Budaya', 'sudah', 8, '123459', '2024-07-24 03:01:38', '2024-07-24 03:01:38'),
(53, 'Berliana Suci Malta Putri', '6282337572068', '', 'sudah', 8, '234570', '2024-07-24 04:02:07', '2024-07-24 04:02:07'),
(54, 'Sylviatul Muthqia', '6285795288121', 'Ilmu Budaya', 'sudah', 8, '345681', '2024-07-24 04:04:50', '2024-07-24 04:04:50'),
(55, 'Kenzo Cen', '6285786756846', 'Fisipol', 'sudah', 8, '456782', '2024-07-24 17:36:05', '2024-07-24 17:36:05'),
(60, 'Dian Restu Anggari', '6282229874701', 'Lainnya', 'sudah', 10, '952482', '2024-08-01 01:36:47', '2024-08-01 06:38:15'),
(61, 'Nurul Inayah', '6285891231094', 'Vokasi', 'sudah', 10, '547338', '2024-08-01 02:09:59', '2024-08-01 07:30:15'),
(62, 'Mira', '6282181917083', 'Vokasi', 'sudah', 10, '438761', '2024-08-01 03:55:56', '2024-08-01 06:38:35'),
(63, 'Nia Sijabat', '6285270930496', 'Vokasi', 'sudah', 10, '563988', '2024-08-01 04:25:11', '2024-08-01 06:38:42'),
(64, 'Innayah Khoerunnisa', '6283834571099', 'Lainnya', 'sudah', 10, '541850', '2024-08-01 05:02:45', '2024-08-01 07:30:17'),
(65, 'Riska Noviana Rahmadani', '6289687616389', 'Lainnya', 'sudah', 10, '586014', '2024-08-01 05:37:31', '2024-08-01 06:49:24'),
(66, 'Ayunda Talia', '6285727761787', 'Ilmu Budaya', 'sudah', 10, '507944', '2024-08-01 07:43:14', '2024-08-01 08:03:45'),
(67, 'Brian', '6285155116402', 'Pertanian', 'sudah', 10, '302705', '2024-08-01 07:46:30', '2024-08-01 08:03:48'),
(95, 'Suci Ramadhani', '000000000000', 'Kehutanan', 'sudah', 11, '000000', '2024-09-10 17:01:00', '2024-09-11 21:56:22'),
(96, 'Puspitasari Angga M.P', '000000000000', 'Kehutanan', 'sudah', 11, '000000', '2024-09-10 17:01:00', '2024-09-11 21:56:08'),
(97, 'Kent Abimael', '000000000000', 'Hukum', 'sudah', 11, '000000', '2024-09-10 17:01:00', '2024-09-11 21:55:34'),
(98, 'Mutiara Khairunnisa', '000000000000', 'MIPA', 'sudah', 11, '000000', '2024-09-10 17:01:00', '2024-09-11 21:56:25'),
(99, 'Marfuah', '000000000000', 'Biologi', 'sudah', 11, '000000', '2024-09-10 17:01:00', '2024-09-11 21:55:38'),
(100, 'Sherly Uswatun Hasanah', '000000000000', 'Kehutanan', 'sudah', 11, '000000', '2024-09-10 17:01:00', '2024-09-11 22:27:44'),
(101, 'Nolla Lateral', '000000000000', 'Lainnya', 'sudah', 11, '000000', '2024-09-10 17:01:00', '2024-09-11 21:57:10'),
(103, 'Maulana Choerun Alfatih', '000000000000', 'Vokasi', 'sudah', 11, '000000', '2024-09-10 17:01:00', '2024-09-11 21:56:30'),
(104, 'Virnanda Nur Mahanani', '000000000000', 'Vokasi', 'sudah', 11, '000000', '2024-09-10 17:01:00', '2024-09-11 22:28:01'),
(107, 'Sheila Andriani N', '000000000000', 'Ilmu Budaya', 'sudah', 11, '000000', '2024-09-10 17:01:00', '2024-09-11 22:02:33'),
(108, 'Angela Merici Maurus Santi', '000000000000', 'Ilmu Budaya', 'sudah', 11, '000000', '2024-09-10 17:01:00', '2024-09-11 22:02:36'),
(110, 'Kaynna', '000000000000', 'Ilmu Budaya', 'sudah', 11, '000000', '2024-09-10 17:01:00', '2024-09-11 22:02:47'),
(111, 'Tina', '000000000000', 'Ilmu Budaya', 'sudah', 11, '000000', '2024-09-10 17:01:00', '2024-09-11 22:04:15'),
(112, 'Naila Alfi Najwa Alfaiza', '000000000000', 'Ilmu Budaya', 'sudah', 11, '000000', '2024-09-10 17:01:00', '2024-09-11 22:04:11'),
(113, 'Arimbi', '000000000000', 'Ilmu Budaya', 'sudah', 11, '000000', '2024-09-10 17:01:00', '2024-09-11 22:04:18'),
(114, 'Regin Aprilian', '000000000000', 'Ilmu Budaya', 'sudah', 11, '000000', '2024-09-10 17:01:00', '2024-09-11 22:02:28'),
(115, 'Fathurozaq', '62895363343660', 'Vokasi', 'sudah', 11, '311672', '2024-09-11 23:19:20', '2024-09-12 02:03:43'),
(117, 'Muhammad Faiz', '6285155347077', 'Vokasi', 'sudah', 11, '753354', '2024-09-11 23:21:49', '2024-09-12 02:20:22'),
(120, 'Rofi', '6281806262112', 'Vokasi', 'sudah', 11, '762793', '2024-09-11 23:31:16', '2024-09-11 23:44:16'),
(121, 'Emilio', '6285876063655', 'Vokasi', 'sudah', 11, '243887', '2024-09-11 23:31:42', '2024-09-11 23:44:20'),
(122, 'Muhammad Zahy Al Hafizh', '6281272178981', 'Hukum', 'sudah', 11, '020500', '2024-09-11 23:33:56', '2024-09-12 00:51:49'),
(125, 'Nolla Lateral', '6289635582544', 'Lainnya', 'sudah', 11, '360607', '2024-09-11 23:48:52', '2024-09-12 00:51:56'),
(128, 'Nolla Lateral', '6289635582544', 'Lainnya', 'sudah', 11, '466530', '2024-09-11 23:49:51', '2024-09-12 00:52:03'),
(129, 'Nolla Lateral', '6289635582544', 'Lainnya', 'sudah', 11, '572983', '2024-09-11 23:51:09', '2024-09-12 00:52:09'),
(130, 'Aqilla', '6281806262112', 'MIPA', 'sudah', 11, '574667', '2024-09-12 00:56:08', '2024-09-12 01:34:46'),
(131, 'Khansa Khoiriyyah Ardiyansyah', '6285212836504', 'Kedokteran Hewan', 'sudah', 11, '390814', '2024-09-12 00:56:58', '2024-09-12 02:22:48'),
(132, 'Shabrina Auliana', '6285231640367', 'Kedokteran Hewan', 'sudah', 11, '231040', '2024-09-12 00:57:09', '2024-09-12 02:22:43'),
(133, 'ALLYSA SYIFA RAMADHANI RIZAL', '6285692633260', 'MIPA', 'sudah', 11, '833356', '2024-09-12 01:00:21', '2024-09-12 01:32:49'),
(134, 'Abyan Arif Fikry', '6282136356644', 'Vokasi', 'sudah', 11, '757270', '2024-09-12 01:14:24', '2024-09-12 01:14:48'),
(135, 'Ila Zulfa', '62818491033', 'Fisipol', 'sudah', 11, '016186', '2024-09-12 01:33:31', '2024-09-12 01:34:35'),
(136, 'Fathur Rizki Adelia', '6289514245391', 'Peternakan', 'sudah', 11, '082231', '2024-09-12 01:39:41', '2024-09-12 02:23:57'),
(138, 'Siti Mutiara', '6289674343434', 'Ilmu Budaya', 'sudah', 11, '141327', '2024-09-12 02:13:00', '2024-09-12 02:28:34'),
(139, 'aninda', '628994099555', 'Ilmu Budaya', 'sudah', 11, '771357', '2024-09-12 02:18:59', '2024-09-12 02:30:41'),
(140, 'Iswatunsiti', '6285927343236', 'Ilmu Budaya', 'sudah', 11, '639760', '2024-09-12 02:20:00', '2024-09-12 02:30:32'),
(141, 'Larasati', '6287779478846', 'Ilmu Budaya', 'sudah', 11, '252240', '2024-09-12 02:20:40', '2024-09-12 02:30:38'),
(142, 'Ade Febrian', '6287861141378', 'Kehutanan', 'sudah', 11, '201570', '2024-09-12 02:23:39', '2024-09-12 02:28:42'),
(143, 'Muhammad Rifan Shinji', '6285201822511', 'Ilmu Budaya', 'sudah', 12, '199905', '2024-09-21 16:04:40', '2024-09-21 22:45:50'),
(144, 'Fachrudin Abdul Rozaq', '628998907573', 'Ilmu Budaya', 'sudah', 12, '756661', '2024-09-21 16:10:23', '2024-09-21 22:19:02'),
(145, 'Angela Merici Maurus Santi', '6281393454079', 'Ilmu Budaya', 'sudah', 12, '285152', '2024-09-21 16:14:50', '2024-09-22 01:40:59'),
(146, 'arimbi', '6285162633670', 'Ilmu Budaya', 'sudah', 12, '725240', '2024-09-21 17:15:19', '2024-09-21 21:55:42'),
(147, 'Widia Rahmi', '6289617097976', 'Lainnya', 'sudah', 12, '986242', '2024-09-21 17:57:44', '2024-09-21 21:55:34'),
(148, 'Yumna Afra\'', '6281575654053', 'Kedokteran', 'sudah', 12, '083443', '2024-09-21 17:59:21', '2024-09-21 21:55:38'),
(149, 'Arraf', '6282286307044', 'Kehutanan', 'sudah', 12, '197972', '2024-09-21 18:42:49', '2024-09-21 22:09:22'),
(150, 'Muhammad Faiz Ramdhan', '6285155347077', 'Vokasi', 'sudah', 12, '493673', '2024-09-21 19:56:58', '2024-09-21 22:34:28'),
(151, 'Isabel olaya lopez', '6283197266491', 'Lainnya', 'sudah', 12, '808141', '2024-09-21 20:18:34', '2024-09-21 22:00:04'),
(152, 'Mutiara Jelita', '6281217039443', 'Lainnya', 'sudah', 12, '967474', '2024-09-21 21:49:51', '2024-09-22 01:41:00'),
(153, 'Aryo Bimo Damaheswara', '6287729241846', 'Teknologi Pertanian', 'sudah', 13, '516822', '2024-09-24 21:27:00', '2024-10-03 09:58:20'),
(155, 'Aryo Bimo Nugroho', '62895421103500', 'Kehutanan', 'sudah', 13, '369443', '2024-09-24 23:21:06', '2024-10-03 09:58:23'),
(156, 'Azizah Diah Nurunnisa', '6288232487757', 'Kehutanan', 'sudah', 13, '166119', '2024-09-24 23:21:17', '2024-10-03 09:58:24'),
(157, 'Suci Ramadhani', '6289620870625', 'Kehutanan', 'sudah', 13, '280266', '2024-09-24 23:21:39', '2024-10-03 09:58:25'),
(158, 'Ayuna Nasywa Naziiha', '6281575163264', 'Kehutanan', 'sudah', 13, '793459', '2024-09-24 23:21:44', '2024-10-03 09:58:25'),
(159, 'Mutiara Khairunnisa', '6289625319595', 'MIPA', 'sudah', 13, '838659', '2024-09-24 23:22:00', '2024-10-03 09:58:27'),
(160, 'Maulida Wulandari', '6282283616901', 'Lainnya', 'sudah', 13, '349897', '2024-09-24 23:23:09', '2024-10-03 09:58:28'),
(161, 'Aleetha Meilla Raysa', '6281325844848', 'Kehutanan', 'sudah', 13, '178926', '2024-09-24 23:23:44', '2024-10-03 09:58:29'),
(162, 'Amalia Khoirunnisa', '62895423684020', 'MIPA', 'sudah', 13, '233148', '2024-09-24 23:23:53', '2024-10-03 09:58:30'),
(163, 'Kanaya Tsabitha Nugroho', '6287711085589', 'Kehutanan', 'sudah', 13, '207569', '2024-09-24 23:24:02', '2024-10-03 09:58:31'),
(164, 'Alifia Citra Ramadhanti', '62895358370357', 'Kehutanan', 'sudah', 13, '589130', '2024-09-24 23:24:52', '2024-10-03 09:58:31'),
(165, 'Zahra Aurelia Salsabila', '6287779122807', 'Lainnya', 'sudah', 13, '330937', '2024-09-24 23:25:07', '2024-10-03 09:58:32'),
(167, 'galuh intana bilqist', '6282361992985', 'Kehutanan', 'sudah', 13, '419327', '2024-09-24 23:25:15', '2024-10-03 09:58:33'),
(168, 'Judith Christopher W', '6285700413969', 'Kehutanan', 'sudah', 13, '408439', '2024-09-24 23:26:16', '2024-10-03 09:58:33'),
(169, 'Galang Febriansyah', '6281545686970', 'Kehutanan', 'sudah', 13, '859297', '2024-09-24 23:26:53', '2024-10-03 09:58:34'),
(170, 'Puspitarini Angga Mulya Putri', '6289603577017', 'Kehutanan', 'sudah', 13, '150485', '2024-09-24 23:27:24', '2024-10-03 09:58:34'),
(171, 'Nabila First Arna Diva', '6287723479536', 'Kehutanan', 'sudah', 13, '103928', '2024-09-24 23:28:08', '2024-10-03 09:58:35'),
(173, 'devina alleysha', '6287875434939', 'Kehutanan', 'sudah', 13, '937234', '2024-09-24 23:29:00', '2024-10-03 09:58:36'),
(174, 'Danu', '6281281272243', 'Ilmu Budaya', 'sudah', 13, '491193', '2024-09-24 23:31:14', '2024-10-03 09:58:37'),
(175, 'Fadly kristiano', '6285939816704', 'Kehutanan', 'sudah', 13, '704053', '2024-09-24 23:31:21', '2024-10-03 09:58:37'),
(176, 'Albertus Pangaribuan', '6282272135002', 'Kehutanan', 'sudah', 13, '314035', '2024-09-24 23:31:26', '2024-10-03 09:58:38'),
(177, 'Tegar Adi Nugroho', '6285725401432', 'Vokasi', 'sudah', 13, '842148', '2024-09-24 23:31:35', '2024-10-03 09:58:38'),
(179, 'Syayyidah Syafa Ahmad Azzahra', '6285655013948', 'Ilmu Budaya', 'sudah', 13, '437311', '2024-09-24 23:32:24', '2024-10-03 09:58:39'),
(180, 'Regin Aprilian', '6287729293388', 'Ilmu Budaya', 'sudah', 13, '240617', '2024-09-24 23:33:46', '2024-10-03 09:58:40'),
(181, 'arimbi', '6285162633670', 'Ilmu Budaya', 'sudah', 13, '043141', '2024-09-24 23:34:06', '2024-10-03 09:58:40'),
(182, 'Maulana Akmal Risandy', '6285707721383', 'Kehutanan', 'sudah', 13, '430168', '2024-09-24 23:35:32', '2024-10-03 09:58:41'),
(184, 'Maharani Ardiyanti Astutiningtyas', '6281394583176', 'Ilmu Budaya', 'sudah', 13, '931803', '2024-09-24 23:36:26', '2024-10-03 09:58:42'),
(185, 'Annida Salma', '6287889000250', 'Ilmu Budaya', 'sudah', 13, '570141', '2024-09-24 23:36:37', '2024-10-03 09:58:43'),
(186, 'Grandis maghfira k', '6285523793420', 'Kehutanan', 'sudah', 13, '972187', '2024-09-24 23:37:12', '2024-10-03 09:58:43'),
(187, 'Mikhailova', '6289666061499', 'Kehutanan', 'sudah', 13, '062308', '2024-09-24 23:39:11', '2024-10-03 09:58:44'),
(188, 'Maulana C. Alfatih', '6285183101949', 'Vokasi', 'sudah', 13, '435331', '2024-09-24 23:41:04', '2024-10-03 09:58:44'),
(189, 'Muhammad Dafa Al Ghifari', '6281515933763', 'Vokasi', 'sudah', 13, '356478', '2024-09-24 23:41:17', '2024-10-03 09:58:45'),
(190, 'gloria', '6285942276130', 'Vokasi', 'sudah', 13, '209694', '2024-09-24 23:44:53', '2024-10-03 09:58:45'),
(191, 'aya', '628122540675', 'Kehutanan', 'sudah', 13, '905272', '2024-09-24 23:48:49', '2024-10-03 09:58:46'),
(192, 'Isya', '628998040484', 'Ilmu Budaya', 'sudah', 13, '207806', '2024-09-24 23:49:20', '2024-10-03 09:58:46'),
(193, 'Morales', '6282249165474', 'Kehutanan', 'sudah', 13, '234323', '2024-09-24 23:49:35', '2024-10-03 09:58:47'),
(194, 'Yasmin', '6282210376152', 'Vokasi', 'sudah', 13, '549814', '2024-09-24 23:58:06', '2024-10-03 09:58:47'),
(195, 'Adam masda putra', '6289668833865', 'Geografi', 'sudah', 13, '865914', '2024-09-24 23:58:25', '2024-10-03 09:58:48'),
(196, 'Amer', '6281393454079', 'Ilmu Budaya', 'sudah', 13, '105949', '2024-09-24 23:59:22', '2024-10-03 09:58:48'),
(197, 'Intan Rahma Dinni', '628993446568', 'Teknologi Pertanian', 'sudah', 13, '667342', '2024-09-25 00:05:16', '2024-10-03 09:58:49'),
(199, 'Ananda', '6285776535435', 'Lainnya', 'sudah', 13, '480682', '2024-09-25 00:07:24', '2024-10-03 09:58:50'),
(200, 'Barani', '6282134661764', 'Fisipol', 'sudah', 13, '903158', '2024-09-25 00:08:13', '2024-10-03 09:58:51'),
(201, 'Ghina Nafsi', '62881024306555', 'Vokasi', 'sudah', 13, '779039', '2024-09-25 00:08:23', '2024-10-03 09:58:51'),
(202, 'Aniisa Al Muyassaroh', '6285696093257', 'Lainnya', 'sudah', 13, '646406', '2024-09-25 00:09:50', '2024-10-03 09:58:52'),
(203, 'Austin Nathanael', '628962517693', 'Lainnya', 'sudah', 13, '282814', '2024-09-25 00:13:14', '2024-10-03 09:58:52'),
(204, 'Tegar', '6285725401432', 'Vokasi', 'sudah', 14, '173145', '2024-09-28 02:47:49', '2024-09-28 22:52:46'),
(205, 'Andika Dwi Prasetya', '62895384986610', 'Vokasi', 'sudah', 14, '203219', '2024-09-28 02:48:08', '2024-09-28 22:52:49'),
(206, 'Fatur', '62895363343660', 'Vokasi', 'sudah', 14, '484799', '2024-09-28 03:00:42', '2024-09-28 23:14:25'),
(208, 'Isabel olaya', '6283197266491', 'Lainnya', 'sudah', 14, '052950', '2024-09-28 03:08:04', '2024-09-28 22:32:07'),
(209, 'Emily Laura', '6287825703283', 'Fisipol', 'sudah', 14, '923113', '2024-09-28 03:11:30', '2024-09-28 22:32:10'),
(210, 'Muhammad Rifan Shinji', '6285201822511', 'Ilmu Budaya', 'sudah', 14, '135443', '2024-09-28 03:22:08', '2024-09-28 22:13:46'),
(211, 'Judith Christopher', '6285700413969', 'Kehutanan', 'sudah', 14, '690593', '2024-09-28 03:41:08', '2024-09-28 22:30:56'),
(212, 'Dahayu Anindhita Aisyfaa', '6285880093495', 'Ekonomi Bisnis', 'sudah', 14, '058685', '2024-09-28 03:41:12', '2024-09-28 22:41:35'),
(213, 'Rahmawati', '6285172155417', 'Lainnya', 'sudah', 14, '853613', '2024-09-28 03:41:17', '2024-09-28 22:41:47'),
(214, 'Azizah Diah Nurunnisa', '6288232487757', 'Kehutanan', 'sudah', 14, '748594', '2024-09-28 03:41:46', '2024-09-28 22:57:47'),
(215, 'Serina', '6287786950940', 'Ekonomi Bisnis', 'sudah', 14, '790591', '2024-09-28 03:42:07', '2024-09-28 22:41:51'),
(217, 'Ayuna Nasywa Naziiha', '6281575163264', 'Kehutanan', 'sudah', 14, '850200', '2024-09-28 03:46:31', '2024-09-28 22:57:55'),
(218, 'Riki Setiawan', '6289644396849', 'Kehutanan', 'sudah', 14, '388886', '2024-09-28 03:46:44', '2024-09-28 22:58:00'),
(220, 'galuh intana bilqist', '6282361992985', 'Kehutanan', 'sudah', 14, '706327', '2024-09-28 03:53:43', '2024-09-28 22:31:04'),
(221, 'Intan Rahma Dinni', '628993446568', 'Teknologi Pertanian', 'sudah', 14, '110668', '2024-09-28 03:57:24', '2024-09-28 22:50:50'),
(222, 'Muhammad Rafly Shiddieq', '6282154413138', 'Teknologi Pertanian', 'sudah', 14, '777339', '2024-09-28 03:59:27', '2024-09-28 22:50:40'),
(223, 'Galang Febriansyah', '6281545686970', 'Kehutanan', 'sudah', 14, '042628', '2024-09-28 03:59:28', '2024-09-28 22:30:26'),
(225, 'Nanda', '6282134731454', 'Kehutanan', 'sudah', 16, '368958', '2024-10-05 01:34:18', '2024-10-05 23:08:14'),
(226, 'Amalia Khoirunnisa', '62895423684020', 'MIPA', 'sudah', 16, '951827', '2024-10-05 01:35:36', '2024-10-05 22:40:13'),
(227, 'Farizi Hibatul Hakim', '6281315565509', 'Vokasi', 'sudah', 16, '122956', '2024-10-05 01:35:56', '2024-10-05 22:56:10'),
(228, 'Jundy Azzam Syuhada', '6281275253562', 'Vokasi', 'sudah', 16, '709655', '2024-10-05 01:36:57', '2024-10-05 22:23:54'),
(229, 'Galang Febriansyah', '6281545686970', 'Kehutanan', 'sudah', 16, '621810', '2024-10-05 01:37:07', '2024-10-05 22:50:44'),
(230, 'Ridho Haikal Permana', '6285872105094', 'Vokasi', 'sudah', 16, '927303', '2024-10-05 01:38:14', '2024-10-05 22:23:42'),
(231, 'Hanantarini Sanastri', '6281237626845', 'Vokasi', 'sudah', 16, '048599', '2024-10-05 01:38:23', '2024-10-05 22:38:20'),
(232, 'Naila Rosalia', '6285742155042', 'Teknologi Pertanian', 'sudah', 16, '805564', '2024-10-05 01:39:24', '2024-10-05 22:46:11'),
(233, 'Fakhri Fairuz Azmi', '6281234203309', 'MIPA', 'sudah', 16, '395741', '2024-10-05 01:39:52', '2024-10-05 22:23:37'),
(234, 'Daniel Arya Permana', '6285872105056', 'Vokasi', 'sudah', 16, '832626', '2024-10-05 01:41:48', '2024-10-05 22:24:01'),
(235, 'Baiq alifa', '6287745955363', 'Kehutanan', 'sudah', 16, '806335', '2024-10-05 01:43:28', '2024-10-05 22:23:32'),
(236, 'Nadhin Salsabilla Sastribuana', '6289602390764', 'Kehutanan', 'sudah', 16, '874841', '2024-10-05 01:43:40', '2024-10-05 21:58:51'),
(238, 'Mitha Lina Juliyani', '6289675923060', 'Kehutanan', 'sudah', 16, '534206', '2024-10-05 01:47:00', '2024-10-05 22:40:10'),
(240, 'Melodi Putri Ramadhani', '6282321661594', 'Kehutanan', 'sudah', 16, '640113', '2024-10-05 01:48:04', '2024-10-05 22:40:17'),
(241, 'Alifia Citra', '62895358370357', 'Kehutanan', 'sudah', 16, '949425', '2024-10-05 01:48:33', '2024-10-05 22:23:24'),
(242, 'Saidatur Risma', '6285742621736', 'Kehutanan', 'sudah', 16, '748348', '2024-10-05 01:50:56', '2024-10-05 22:22:35'),
(243, 'Fachrudin Abdul Rozaq', '628998907573', 'Ilmu Budaya', 'sudah', 16, '023162', '2024-10-05 01:56:35', '2024-10-05 23:11:16'),
(244, 'Azizah Diah Nurunnisa', '6288232487757', 'Kehutanan', 'sudah', 16, '548957', '2024-10-05 01:57:04', '2024-10-05 22:22:44'),
(245, 'Shellina Roviyunnisa', '628987771916', 'Ilmu Budaya', 'sudah', 16, '975067', '2024-10-05 02:44:21', '2024-10-05 22:21:51'),
(267, 'Diska', '6282331365461', 'Ilmu Budaya', 'sudah', 18, '486140', '2024-10-12 22:20:37', '2024-10-12 23:01:08'),
(268, 'Diska', '6282331365461', 'Ilmu Budaya', 'sudah', 18, '388006', '2024-10-12 22:20:37', '2024-10-12 23:01:10'),
(269, 'Nabiilah', '6281317465772', 'MIPA', 'sudah', 18, '958853', '2024-10-12 21:40:48', '2024-10-12 22:10:01'),
(270, 'Amalia', '6282221628336', 'Ilmu Budaya', 'sudah', 18, '594146', '2024-10-12 21:46:01', '2024-10-12 22:16:21'),
(271, 'Farizi Hibatul Hakim', '6281315565509', 'Vokasi', 'sudah', 18, '943248', '2024-10-12 21:54:19', '2024-10-12 22:07:44'),
(272, 'Best', '6281262876050', 'Vokasi', 'sudah', 18, '914692', '2024-10-12 21:55:08', '2024-10-12 22:07:47'),
(304, 'Adit Muh Rohim', '6285899627258', 'Kehutanan', 'sudah', 18, '207316', '2024-10-12 22:20:37', '2024-10-12 22:55:23'),
(305, 'Diajeng  Nirma', '6281230046617', 'Kehutanan', 'sudah', 18, '417770', NULL, '2024-10-12 22:20:37'),
(306, 'andien berliana', '6287831689949', 'Geografi', 'sudah', 18, '250185', NULL, '2024-10-12 22:20:33'),
(307, 'Muhammad Zahy Al Hafizh', '6281272178981', 'Hukum', 'sudah', 18, '565121', '2024-10-12 22:20:37', '2024-10-12 23:02:56'),
(308, 'Serafin berlin', '6283147035814', 'Kehutanan', 'sudah', 18, '662496', '2024-10-12 22:20:37', '2024-10-12 22:38:18'),
(309, 'Maharani Ardiyanti Astutiningtyas', '6281394583176', 'Ilmu Budaya', 'sudah', 18, '838188', '2024-10-12 22:20:37', '2024-10-12 22:27:16'),
(310, 'ersyaw tsalatsa', '6287851438344', 'Ilmu Budaya', 'sudah', 18, '844281', '2024-10-12 22:20:37', '2024-10-12 22:27:23'),
(311, 'Muhammad Farrel Nandito', '6287785198945', 'Fisipol', 'sudah', 18, '974557', NULL, '2024-10-12 22:08:04'),
(312, 'Shellina Roviyunnisa', '628987771916', 'Ilmu Budaya', 'sudah', 18, '635220', '2024-10-12 22:20:37', '2024-10-12 22:27:06'),
(313, 'Radeya', '6281273275376', 'Ilmu Budaya', 'sudah', 18, '909370', NULL, '2024-10-12 22:12:51'),
(314, 'Iman', '6285755684798', 'Psikologi', 'sudah', 18, '122224', NULL, '2024-10-12 22:12:58'),
(315, 'Alifah Nabila', '6285747341927', 'Ilmu Budaya', 'sudah', 18, '421294', '2024-10-12 22:20:37', '2024-10-12 22:29:15'),
(316, 'Galuh Inge Pratiwi', '628819905885', 'MIPA', 'sudah', 18, '107147', '2024-10-12 22:20:37', '2024-10-12 22:29:09'),
(318, 'Ni Made Merlin', '6281236985900', 'Kedokteran', 'sudah', 18, '075721', NULL, '2024-10-12 22:14:52'),
(319, 'Ngurah', '6282247553747', 'Hukum', 'sudah', 18, '665630', NULL, '2024-10-12 22:14:42'),
(320, 'Bintang', '6285290995055', 'Fisipol', 'sudah', 18, '832521', '2024-10-12 22:20:37', '2024-10-12 22:37:13'),
(321, 'Rasyid', '6282224120809', 'Hukum', 'sudah', 18, '509202', NULL, '2024-10-12 22:14:58'),
(322, 'Fadil', '6289527326035', 'Hukum', 'sudah', 18, '970544', NULL, '2024-10-12 22:15:12'),
(324, 'Fadly kristiano', '6285939816704', 'Kehutanan', 'sudah', 18, '641336', '2024-10-12 22:20:37', '2024-10-12 23:22:16'),
(335, 'Auli', '6281256606259', 'Vokasi', 'sudah', 18, '831385', '2024-10-12 22:20:37', '2024-10-12 23:11:15'),
(336, 'Amer', '6281393454079', 'Ilmu Budaya', 'sudah', 18, '320393', '2024-10-12 22:24:29', '2024-10-12 22:26:55'),
(337, 'Hencrys Hosea Rafael', '6281290652276', 'Vokasi', 'sudah', 18, '464741', '2024-10-12 22:49:44', '2024-10-12 23:09:39'),
(338, 'Muhammad Iqbal Ariq', '628980193324', 'Fisipol', 'sudah', 19, '959715', '2024-10-16 00:32:36', '2024-10-16 22:44:35'),
(339, 'Diajeng Nirma', '6281230046617', 'Kehutanan', 'sudah', 19, '882916', '2024-10-16 00:32:46', '2024-10-16 21:15:57'),
(340, 'andien berliana', '6287831689949', 'Geografi', 'sudah', 19, '481580', '2024-10-16 00:34:03', '2024-10-16 21:15:52'),
(341, 'ami', '6281905691747', 'Geografi', 'sudah', 19, '784962', '2024-10-16 00:36:06', '2024-10-16 21:16:30'),
(342, 'Zahra Nur Azizah', '62895344454081', 'Kehutanan', 'sudah', 19, '953763', '2024-10-16 00:36:06', '2024-10-16 22:01:40'),
(343, 'Arimbi Vita Rini', '6281226055332', 'Geografi', 'sudah', 19, '108923', '2024-10-16 00:38:44', '2024-10-16 21:16:10'),
(344, 'Tegar', '6285725401432', 'Vokasi', 'sudah', 19, '869050', '2024-10-16 00:41:12', '2024-10-16 17:57:31'),
(345, 'Charizza Thunjung Sukmana Putra', '6285701886763', 'Vokasi', 'sudah', 19, '175217', '2024-10-16 00:44:19', '2024-10-16 22:17:21'),
(346, 'Angela Merici Maurus Santi', '6281393454079', 'Ilmu Budaya', 'sudah', 19, '318815', '2024-10-16 00:47:30', '2024-10-16 20:34:26'),
(347, 'Dafa Ghifari', '6281515933763', 'Vokasi', 'sudah', 19, '509917', '2024-10-16 00:48:20', '2024-10-16 21:37:40'),
(348, 'Dafa Ghifari', '6281515933763', 'Vokasi', 'sudah', 19, '317688', '2024-10-16 00:48:22', '2024-10-16 21:37:44'),
(351, 'Anindhita Nathania Rahadian Hanafi', '6281287595579', 'Vokasi', 'sudah', 19, '433130', '2024-10-16 00:54:19', '2024-10-16 22:18:58'),
(352, 'Arista', '6288227261254', 'Vokasi', 'sudah', 19, '987646', '2024-10-16 00:55:02', '2024-10-16 22:32:36'),
(353, 'gloria', '6285942276130', 'Vokasi', 'sudah', 19, '133530', '2024-10-16 00:56:05', '2024-10-16 21:33:38'),
(354, 'Annisa', '6288232027388', 'Ilmu Budaya', 'sudah', 19, '517706', '2024-10-16 00:59:15', '2024-10-16 20:34:48'),
(355, 'syifa putri', '62895417794471', 'Ilmu Budaya', 'sudah', 19, '051167', '2024-10-16 00:59:26', '2024-10-16 20:35:16'),
(356, 'Kanaya Okta', '6287715586055', 'Geografi', 'sudah', 19, '378224', '2024-10-16 00:59:32', '2024-10-16 21:16:05'),
(357, 'Anis Susila Wardani', '6289631151122', 'Ilmu Budaya', 'sudah', 19, '570903', '2024-10-16 01:00:36', '2024-10-16 20:35:30'),
(358, 'Emily Laura', '6287825703283', 'Fisipol', 'sudah', 19, '756227', '2024-10-16 01:00:58', '2024-10-16 22:05:38'),
(359, 'Isabel olaya', '6285189076628', 'Pascasarjana', 'sudah', 19, '780318', '2024-10-16 01:02:57', '2024-10-16 22:05:46'),
(360, 'vania', '6281357941634', 'Ilmu Budaya', 'sudah', 19, '662176', '2024-10-16 01:13:54', '2024-10-16 20:35:39'),
(361, 'putera', '6285794519927', 'Fisipol', 'sudah', 19, '747477', '2024-10-16 01:14:37', '2024-10-16 20:47:11'),
(362, 'Diska M Z N', '6282331365461', 'Ilmu Budaya', 'sudah', 19, '721570', '2024-10-16 01:14:55', '2024-10-16 20:35:51'),
(363, 'Laura', '62882006816964', 'Ilmu Budaya', 'sudah', 19, '565918', '2024-10-16 01:17:38', '2024-10-16 20:35:57'),
(365, 'Muhammad Zahy Al Hafizh', '6281272178981', 'Hukum', 'sudah', 19, '869025', '2024-10-16 01:23:55', '2024-10-16 21:41:06'),
(366, 'Joash', '6282275668620', 'Fisipol', 'sudah', 19, '832822', '2024-10-16 01:27:27', '2024-10-16 20:47:25'),
(367, 'Nur Izzatul Rohmah', '6281392349182', 'Hukum', 'sudah', 19, '542528', '2024-10-16 01:28:58', '2024-10-16 21:34:24'),
(370, 'Jorgi', '6285362169437', 'Fisipol', 'sudah', 19, '899705', '2024-10-16 01:30:30', '2024-10-16 20:45:19'),
(372, 'Samuel Rizal Siringo', '628116312559', 'Fisipol', 'sudah', 19, '675387', '2024-10-16 01:37:05', '2024-10-16 20:47:57'),
(373, 'Kent', '628112718505', 'Hukum', 'sudah', 19, '840787', '2024-10-16 01:50:41', '2024-10-16 21:12:59'),
(374, 'Muhammad Faturrahman Putra', '6281278572852', 'Fisipol', 'sudah', 19, '259582', '2024-10-16 01:56:32', '2024-10-16 20:47:44'),
(375, 'Fadly kristiano', '6285939816704', 'Kehutanan', 'sudah', 19, '233148', '2024-10-16 02:04:27', '2024-10-16 21:49:01'),
(376, 'radeya', '6281273275376', 'Ilmu Budaya', 'sudah', 19, '349323', '2024-10-16 02:28:33', '2024-10-16 20:42:57'),
(377, 'imanur islahunnufus', '6285755684798', 'Psikologi', 'sudah', 19, '621642', '2024-10-16 02:34:22', '2024-10-16 20:43:12'),
(378, 'Muhammad Rifan Shinji', '6285201822511', 'Ilmu Budaya', 'sudah', 20, '365244', '2024-10-19 01:27:19', '2024-10-19 22:37:07'),
(379, 'Nisrina Salsabila Rafi', '6288901729661', 'Pertanian', 'sudah', 20, '718674', '2024-10-19 01:33:11', '2024-10-19 22:28:24'),
(381, 'Calista Khoirunnisa N.', '6285179533211', 'Ekonomi Bisnis', 'sudah', 20, '965321', '2024-10-19 01:34:28', '2024-10-19 23:34:34'),
(382, 'Ananda', '6285776535435', 'Kedokteran', 'sudah', 20, '494698', '2024-10-19 01:34:42', '2024-10-19 23:35:59'),
(383, 'Diajeng Nirma', '6281230046617', 'Kehutanan', 'sudah', 20, '508477', '2024-10-19 01:36:09', '2024-10-19 22:27:54'),
(384, 'Honey', '6282180228856', 'Teknologi Pertanian', 'sudah', 20, '674415', '2024-10-19 01:36:32', '2024-10-19 23:39:48'),
(385, 'Hanifa Paramitha Listyanti', '6289629186377', 'Teknologi Pertanian', 'sudah', 20, '486278', '2024-10-19 01:37:03', '2024-10-19 23:09:59'),
(386, 'Ngurah', '6282247553747', 'Hukum', 'sudah', 20, '504738', '2024-10-19 01:37:27', '2024-10-19 22:31:45'),
(388, 'Adimas Dwi Prabowo', '6289519394244', 'Teknologi Pertanian', 'sudah', 20, '757342', '2024-10-19 23:16:06', '2024-10-19 23:38:14'),
(389, 'Muhammad Faiz Ramdhan', '6285155347077', 'Vokasi', 'sudah', 20, '244777', '2024-10-19 23:18:18', '2024-10-19 23:31:22'),
(390, 'Rofi', '6281806262112', 'Vokasi', 'sudah', 20, '430498', '2024-10-19 23:19:58', '2024-10-19 23:22:28'),
(391, 'Diska', '6282331365461', 'Ilmu Budaya', 'sudah', 20, '181150', '2024-10-19 23:22:34', '2024-10-20 00:19:25'),
(392, 'Zayyan Qonita', '6285648631987', 'Teknologi Pertanian', 'sudah', 20, '640279', '2024-10-19 23:26:23', '2024-10-20 00:02:19'),
(393, 'Natalia Mikha Alviani', '6285524433153', 'Vokasi', 'sudah', 21, '084968', '2024-10-23 05:46:40', '2024-10-23 21:01:56'),
(395, 'Hibatul Alimi', '6289510515206', 'Vokasi', 'sudah', 21, '541905', '2024-10-23 05:51:26', '2024-10-23 21:38:18'),
(396, 'Syayyidah Syafa Ahmad Azzahra', '6285655013948', 'Ilmu Budaya', 'sudah', 21, '818533', '2024-10-23 05:51:32', '2024-10-23 19:45:17'),
(397, 'Alief Rizqi Surya Syahputra', '6285156601240', 'Vokasi', 'sudah', 21, '321112', '2024-10-23 05:51:33', '2024-10-23 21:38:23'),
(398, 'Clara Talenta', '6285600513115', 'Vokasi', 'sudah', 21, '775884', '2024-10-23 05:52:24', '2024-10-23 21:01:59'),
(399, 'Muhamad Syaiful Huda', '6289616391670', 'Vokasi', 'sudah', 21, '999373', '2024-10-23 05:52:50', '2024-10-23 21:38:15'),
(400, 'Farizi Hibatul Hakim', '6281315565509', 'Vokasi', 'sudah', 21, '028856', '2024-10-23 05:53:43', '2024-10-23 20:28:02'),
(401, 'Arsyad Rostam Effendi', '6281231789371', 'Vokasi', 'sudah', 21, '839614', '2024-10-23 05:54:00', '2024-10-23 21:43:26'),
(402, 'Suci Ramadhani', '6289620870625', 'Kehutanan', 'sudah', 21, '639101', '2024-10-23 06:02:56', '2024-10-23 20:55:29'),
(403, 'Serafin Berlin', '6283147035814', 'Kehutanan', 'sudah', 21, '522960', '2024-10-23 06:02:58', '2024-10-23 21:20:43'),
(404, 'Zahra Nur Azizah', '62895344454081', 'Kehutanan', 'sudah', 21, '175519', '2024-10-23 06:02:59', '2024-10-23 21:14:57'),
(405, 'Ananda Putri Pradetya', '6282134731454', 'Kehutanan', 'sudah', 21, '304331', '2024-10-23 06:03:33', '2024-10-23 21:05:27'),
(406, 'Puspitarini Angga Mulya Putri', '6289603577017', 'Kehutanan', 'sudah', 21, '646611', '2024-10-23 06:03:39', '2024-10-23 21:19:26'),
(407, 'Galang Febriansyah', '6281545686970', 'Kehutanan', 'sudah', 21, '112034', '2024-10-23 06:03:50', '2024-10-23 21:20:47'),
(408, 'Mikhailova Ken Paramitha', '6289666061499', 'Kehutanan', 'sudah', 21, '607047', '2024-10-23 06:03:50', '2024-10-23 21:20:49'),
(409, 'Shinta Fisabilla', '628985552936', 'Kehutanan', 'sudah', 21, '292391', '2024-10-23 06:03:58', '2024-10-23 21:14:35'),
(410, 'Elan', '6289508955405', 'Kehutanan', 'sudah', 21, '155834', '2024-10-23 06:04:01', '2024-10-23 21:20:52'),
(411, 'Luqman Abdul Muluk Sitorus', '62818271960', 'Vokasi', 'sudah', 21, '517743', '2024-10-23 06:04:30', '2024-10-23 21:53:52'),
(412, 'Saska', '6281122959772', 'Kehutanan', 'sudah', 21, '113028', '2024-10-23 06:04:39', '2024-10-23 21:06:49'),
(413, 'galuh intana bilqist', '6282361992985', 'Kehutanan', 'sudah', 21, '129627', '2024-10-23 06:04:45', '2024-10-23 21:01:21'),
(414, 'Dzaki fathur rahman', '6288286775216', 'Kehutanan', 'sudah', 21, '598070', '2024-10-23 06:04:48', '2024-10-23 21:20:56'),
(415, 'Tsabita Aulia Zahra', '6285712690538', 'Kehutanan', 'sudah', 21, '679245', '2024-10-23 06:04:51', '2024-10-23 21:21:33'),
(416, 'Rania Ramadhani', '6287802569104', 'Kehutanan', 'sudah', 21, '766031', '2024-10-23 06:05:10', '2024-10-23 21:02:56'),
(417, 'Aryo bimo Nugroho', '62895421103500', 'Kehutanan', 'sudah', 21, '208392', '2024-10-23 06:05:37', '2024-10-23 21:00:39'),
(418, 'Maulana C. Alfatih', '6285183101949', 'Vokasi', 'sudah', 21, '365197', '2024-10-23 06:05:43', '2024-10-23 19:03:02'),
(419, 'best', '6281262876050', 'Vokasi', 'sudah', 21, '996161', '2024-10-23 06:05:52', '2024-10-23 20:31:33'),
(420, 'Fina Nailatul Izzah', '6281902411942', 'Kehutanan', 'sudah', 21, '376649', '2024-10-23 06:05:59', '2024-10-23 21:14:22'),
(421, 'Hencrys Hosea Rafael', '6281290652276', 'Vokasi', 'sudah', 21, '883014', '2024-10-23 06:06:03', '2024-10-23 20:31:23'),
(422, 'Tito Alla Khairi', '6282259462290', 'Vokasi', 'sudah', 21, '845633', '2024-10-23 06:06:54', '2024-10-23 21:15:08'),
(423, 'Alifa nur fitria', '6282339573317', 'Filsafat', 'sudah', 21, '996546', '2024-10-23 19:21:29', '2024-10-23 21:03:16'),
(424, 'Naila Alfi Najwa Alfaiza', '6285785791076', 'Ilmu Budaya', 'sudah', 21, '109242', '2024-10-23 19:33:01', '2024-10-23 19:45:37'),
(425, 'Fanisa Ratna Dewi', '6285603355892', 'Filsafat', 'sudah', 21, '643822', '2024-10-23 19:33:15', '2024-10-23 20:33:17'),
(426, 'afif nur aini', '6281216883389', 'Filsafat', 'sudah', 21, '101294', '2024-10-23 19:34:15', '2024-10-23 20:33:39'),
(427, 'Diska', '6282331365461', 'Ilmu Budaya', 'sudah', 21, '074587', '2024-10-23 19:36:49', '2024-10-23 19:45:47'),
(428, 'Syifa Putrianingsih', '62895417794471', 'Ilmu Budaya', 'sudah', 21, '283500', '2024-10-23 19:39:37', '2024-10-23 19:42:25'),
(429, 'Goliano', '6285363969135', 'Filsafat', 'sudah', 21, '104281', '2024-10-23 19:49:32', '2024-10-23 21:58:38'),
(430, 'Pramelia Sandra', '6282122250204', 'Kehutanan', 'sudah', 21, '428009', '2024-10-23 19:52:45', '2024-10-23 21:21:00'),
(431, 'Adit Muh Rohim', '6285899627258', 'Kehutanan', 'sudah', 21, '274864', '2024-10-23 19:53:48', '2024-10-23 21:21:06'),
(432, 'Ivan', '6282249165474', 'Kehutanan', 'sudah', 21, '373677', '2024-10-23 20:21:39', '2024-10-23 21:21:15'),
(434, 'Muhammad Rifan Shinji', '6285201822511', 'Ilmu Budaya', 'sudah', 33, '223143', '2024-10-26 04:59:04', '2024-10-26 22:23:56'),
(435, 'Zahra Nur Azizah', '62895344454081', 'Kehutanan', 'sudah', 33, '560700', '2024-10-26 05:53:27', '2024-10-26 22:02:12'),
(436, 'Florannisa Nirmala Aulia Huda', '628953595236', 'Kehutanan', 'sudah', 33, '100857', '2024-10-26 05:53:45', '2024-10-26 23:28:57'),
(437, 'Shinta Fisabilla', '628985552936', 'Kehutanan', 'sudah', 33, '117574', '2024-10-26 05:54:14', '2024-10-26 22:02:19'),
(438, 'Rania Ramadhani', '6287802569104', 'Kehutanan', 'sudah', 33, '249450', '2024-10-26 05:54:47', '2024-10-26 23:56:38'),
(439, 'Maulana Choerun Alfatih', '6285183101949', 'Vokasi', 'sudah', 33, '071020', '2024-10-26 05:55:07', '2024-10-26 22:01:59'),
(440, 'Muhammad Dafa Al Ghifari', '6281515933763', 'Vokasi', 'sudah', 33, '018839', '2024-10-26 05:55:09', '2024-10-26 22:33:11'),
(441, 'Muhammad Dafa Al Ghifari', '6281515933763', 'Vokasi', 'sudah', 33, '731701', '2024-10-26 05:55:09', '2024-10-26 22:33:15'),
(442, 'Muhammad Dafa Al Ghifari', '6281515933763', 'Vokasi', 'sudah', 33, '127236', '2024-10-26 05:55:10', '2024-10-26 22:33:18'),
(443, 'ester gloria', '6285942276130', 'Vokasi', 'sudah', 33, '042793', '2024-10-26 05:57:14', '2024-10-26 22:47:59'),
(444, 'Lisa Andini', '6285934986917', 'Pascasarjana', 'sudah', 33, '050738', '2024-10-26 05:58:08', '2024-10-26 23:56:40'),
(445, 'Lu\'lu\' il maknun', '6285641538085', 'Filsafat', 'sudah', 33, '473185', '2024-10-26 05:59:14', '2024-10-26 22:01:47'),
(446, 'Diajeng Nirma', '6281230046617', 'Kehutanan', 'sudah', 33, '514279', '2024-10-26 06:00:28', '2024-10-26 22:56:05'),
(447, 'Dimas Maulana Qolbi', '6285737815197', 'Filsafat', 'sudah', 33, '285652', '2024-10-26 06:00:44', '2024-10-26 23:56:41'),
(448, 'Samuel Rizal Siringo', '628116312559', 'Fisipol', 'sudah', 33, '610568', '2024-10-26 06:01:06', '2024-10-26 23:32:49'),
(449, 'Yayasan Hamba', NULL, 'Kontributor', 'sudah', 3, NULL, '2024-10-29 12:37:38', '2024-10-29 12:37:38'),
(450, 'Yayasan Hamba', NULL, 'Kontributor', 'sudah', 3, NULL, '2024-10-29 12:37:38', '2024-10-29 12:37:38'),
(451, 'Yayasan Hamba', NULL, 'Kontributor', 'sudah', 3, NULL, '2024-10-29 12:37:38', '2024-10-29 12:37:38'),
(452, 'Yayasan Hamba', NULL, 'Kontributor', 'sudah', 3, NULL, '2024-10-29 12:37:38', '2024-10-29 12:37:38'),
(453, 'Yayasan Hamba', NULL, 'Kontributor', 'sudah', 3, NULL, '2024-10-29 12:37:38', '2024-10-29 12:37:38'),
(454, 'Yayasan Hamba', NULL, 'Kontributor', 'sudah', 3, NULL, '2024-10-29 12:37:38', '2024-10-29 12:37:38'),
(455, 'Yayasan Hamba', NULL, 'Kontributor', 'sudah', 3, NULL, '2024-10-29 12:37:38', '2024-10-29 12:37:38'),
(456, 'Yayasan Hamba', NULL, 'Kontributor', 'sudah', 3, NULL, '2024-10-29 12:37:38', '2024-10-29 12:37:38'),
(457, 'Yayasan Hamba', NULL, 'Kontributor', 'sudah', 3, NULL, '2024-10-29 12:37:38', '2024-10-29 12:37:38'),
(458, 'Yayasan Hamba', NULL, 'Kontributor', 'sudah', 3, NULL, '2024-10-29 12:37:38', '2024-10-29 12:37:38'),
(459, 'Yayasan Hamba', NULL, 'Kontributor', 'sudah', 3, NULL, '2024-10-29 12:37:38', '2024-10-29 12:37:38'),
(460, 'Yayasan Hamba', NULL, 'Kontributor', 'sudah', 3, NULL, '2024-10-29 12:37:38', '2024-10-29 12:37:38'),
(461, 'Yayasan Hamba', NULL, 'Kontributor', 'sudah', 3, NULL, '2024-10-29 12:37:38', '2024-10-29 12:37:38'),
(462, 'Yayasan Hamba', NULL, 'Kontributor', 'sudah', 3, NULL, '2024-10-29 12:37:38', '2024-10-29 12:37:38'),
(463, 'Yayasan Hamba', NULL, 'Kontributor', 'sudah', 3, NULL, '2024-10-29 12:37:38', '2024-10-29 12:37:38'),
(464, 'Yayasan Hamba', NULL, 'Kontributor', 'sudah', 3, NULL, '2024-10-29 12:37:38', '2024-10-29 12:37:38'),
(465, 'Yayasan Hamba', NULL, 'Kontributor', 'sudah', 3, NULL, '2024-10-29 12:37:38', '2024-10-29 12:37:38'),
(466, 'Yayasan Hamba', NULL, 'Kontributor', 'sudah', 3, NULL, '2024-10-29 12:37:38', '2024-10-29 12:37:38'),
(467, 'Yayasan Hamba', NULL, 'Kontributor', 'sudah', 3, NULL, '2024-10-29 12:37:38', '2024-10-29 12:37:38'),
(468, 'Mahasiswa UGM', NULL, 'Kontributor', 'sudah', 4, NULL, '2024-10-29 12:38:24', '2024-10-29 12:38:24'),
(469, 'Mahasiswa UGM', NULL, 'Kontributor', 'sudah', 4, NULL, '2024-10-29 12:38:24', '2024-10-29 12:38:24'),
(470, 'Mahasiswa UGM', NULL, 'Kontributor', 'sudah', 4, NULL, '2024-10-29 12:38:24', '2024-10-29 12:38:24'),
(471, 'Mahasiswa UGM', NULL, 'Kontributor', 'sudah', 4, NULL, '2024-10-29 12:38:24', '2024-10-29 12:38:24'),
(472, 'Mahasiswa UGM', NULL, 'Kontributor', 'sudah', 4, NULL, '2024-10-29 12:38:24', '2024-10-29 12:38:24'),
(473, 'Mahasiswa UGM', NULL, 'Kontributor', 'sudah', 4, NULL, '2024-10-29 12:38:24', '2024-10-29 12:38:24'),
(474, 'Mahasiswa UGM', NULL, 'Kontributor', 'sudah', 4, NULL, '2024-10-29 12:38:24', '2024-10-29 12:38:24'),
(475, 'Mahasiswa UGM', NULL, 'Kontributor', 'sudah', 4, NULL, '2024-10-29 12:38:24', '2024-10-29 12:38:24'),
(476, 'Mahasiswa UGM', NULL, 'Kontributor', 'sudah', 4, NULL, '2024-10-29 12:38:24', '2024-10-29 12:38:24'),
(477, 'Mahasiswa UGM', NULL, 'Kontributor', 'sudah', 4, NULL, '2024-10-29 12:38:24', '2024-10-29 12:38:24'),
(478, 'Mahasiswa UGM', NULL, 'Kontributor', 'sudah', 4, NULL, '2024-10-29 12:38:24', '2024-10-29 12:38:24'),
(479, 'Yayasan Hamba', NULL, 'Kontributor', 'sudah', 8, NULL, '2024-10-29 12:39:35', '2024-10-29 12:39:35'),
(480, 'Yayasan Hamba', NULL, 'Kontributor', 'sudah', 8, NULL, '2024-10-29 12:39:35', '2024-10-29 12:39:35'),
(481, 'Yayasan Hamba', NULL, 'Kontributor', 'sudah', 8, NULL, '2024-10-29 12:39:35', '2024-10-29 12:39:35'),
(482, 'Yayasan Hamba', NULL, 'Kontributor', 'sudah', 8, NULL, '2024-10-29 12:39:35', '2024-10-29 12:39:35'),
(483, 'Yayasan Hamba', NULL, 'Kontributor', 'sudah', 8, NULL, '2024-10-29 12:39:35', '2024-10-29 12:39:35'),
(484, 'Yayasan Hamba', NULL, 'Kontributor', 'sudah', 8, NULL, '2024-10-29 12:39:35', '2024-10-29 12:39:35'),
(485, 'Yayasan Hamba', NULL, 'Kontributor', 'sudah', 8, NULL, '2024-10-29 12:39:35', '2024-10-29 12:39:35'),
(486, 'Yayasan Hamba', NULL, 'Kontributor', 'sudah', 8, NULL, '2024-10-29 12:39:35', '2024-10-29 12:39:35'),
(487, 'Yayasan Hamba', NULL, 'Kontributor', 'sudah', 8, NULL, '2024-10-29 12:39:35', '2024-10-29 12:39:35'),
(488, 'Yayasan Hamba', NULL, 'Kontributor', 'sudah', 8, NULL, '2024-10-29 12:39:35', '2024-10-29 12:39:35'),
(489, 'Yayasan Hamba', NULL, 'Kontributor', 'sudah', 8, NULL, '2024-10-29 12:39:35', '2024-10-29 12:39:35'),
(490, 'Yayasan Hamba', NULL, 'Kontributor', 'sudah', 8, NULL, '2024-10-29 12:39:35', '2024-10-29 12:39:35'),
(491, 'Yayasan Hamba', NULL, 'Kontributor', 'sudah', 8, NULL, '2024-10-29 12:39:35', '2024-10-29 12:39:35'),
(492, 'Yayasan Hamba', NULL, 'Kontributor', 'sudah', 8, NULL, '2024-10-29 12:39:35', '2024-10-29 12:39:35'),
(493, 'Yayasan Hamba', NULL, 'Kontributor', 'sudah', 8, NULL, '2024-10-29 12:39:35', '2024-10-29 12:39:35'),
(494, 'Yayasan Hamba', NULL, 'Kontributor', 'sudah', 8, NULL, '2024-10-29 12:39:35', '2024-10-29 12:39:35'),
(495, 'Yayasan Hamba', NULL, 'Kontributor', 'sudah', 8, NULL, '2024-10-29 12:39:35', '2024-10-29 12:39:35'),
(496, 'Yayasan Hamba', NULL, 'Kontributor', 'sudah', 8, NULL, '2024-10-29 12:39:35', '2024-10-29 12:39:35'),
(497, 'Yayasan Hamba', NULL, 'Kontributor', 'sudah', 8, NULL, '2024-10-29 12:39:35', '2024-10-29 12:39:35'),
(498, 'Yayasan Hamba', NULL, 'Kontributor', 'sudah', 8, NULL, '2024-10-29 12:39:35', '2024-10-29 12:39:35'),
(499, 'Yayasan Hamba', NULL, 'Kontributor', 'sudah', 8, NULL, '2024-10-29 12:39:35', '2024-10-29 12:39:35'),
(500, 'Yayasan Hamba', NULL, 'Kontributor', 'sudah', 8, NULL, '2024-10-29 12:39:35', '2024-10-29 12:39:35'),
(501, 'Yayasan Hamba', NULL, 'Kontributor', 'sudah', 8, NULL, '2024-10-29 12:39:35', '2024-10-29 12:39:35'),
(502, 'Yayasan Hamba', NULL, 'Kontributor', 'sudah', 8, NULL, '2024-10-29 12:39:35', '2024-10-29 12:39:35'),
(503, 'Yayasan Hamba', NULL, 'Kontributor', 'sudah', 8, NULL, '2024-10-29 12:39:35', '2024-10-29 12:39:35'),
(504, 'Yayasan Hamba', NULL, 'Kontributor', 'sudah', 8, NULL, '2024-10-29 12:39:35', '2024-10-29 12:39:35'),
(505, 'Yayasan Hamba', NULL, 'Kontributor', 'sudah', 8, NULL, '2024-10-29 12:39:35', '2024-10-29 12:39:35'),
(506, 'Yayasan Hamba', NULL, 'Kontributor', 'sudah', 8, NULL, '2024-10-29 12:39:35', '2024-10-29 12:39:35'),
(507, 'Yayasan Hamba', NULL, 'Kontributor', 'sudah', 8, NULL, '2024-10-29 12:39:35', '2024-10-29 12:39:35'),
(508, 'Yayasan Hamba', NULL, 'Kontributor', 'sudah', 8, NULL, '2024-10-29 12:39:35', '2024-10-29 12:39:35'),
(509, 'Yayasan Hamba', NULL, 'Kontributor', 'sudah', 8, NULL, '2024-10-29 12:39:35', '2024-10-29 12:39:35'),
(510, 'Yayasan Hamba', NULL, 'Kontributor', 'sudah', 8, NULL, '2024-10-29 12:39:35', '2024-10-29 12:39:35'),
(511, 'Yayasan Hamba', NULL, 'Kontributor', 'sudah', 8, NULL, '2024-10-29 12:39:35', '2024-10-29 12:39:35'),
(512, 'Komunitas Marjinal dan PK4L', NULL, 'Kontributor', 'sudah', 10, NULL, '2024-10-29 12:40:43', '2024-10-29 12:40:43'),
(513, 'Komunitas Marjinal dan PK4L', NULL, 'Kontributor', 'sudah', 10, NULL, '2024-10-29 12:40:43', '2024-10-29 12:40:43'),
(514, 'Komunitas Marjinal dan PK4L', NULL, 'Kontributor', 'sudah', 10, NULL, '2024-10-29 12:40:43', '2024-10-29 12:40:43'),
(515, 'Komunitas Marjinal dan PK4L', NULL, 'Kontributor', 'sudah', 10, NULL, '2024-10-29 12:40:43', '2024-10-29 12:40:43'),
(516, 'Komunitas Marjinal dan PK4L', NULL, 'Kontributor', 'sudah', 10, NULL, '2024-10-29 12:40:43', '2024-10-29 12:40:43'),
(517, 'Komunitas Marjinal dan PK4L', NULL, 'Kontributor', 'sudah', 10, NULL, '2024-10-29 12:40:43', '2024-10-29 12:40:43'),
(518, 'Komunitas Marjinal dan PK4L', NULL, 'Kontributor', 'sudah', 10, NULL, '2024-10-29 12:40:43', '2024-10-29 12:40:43'),
(519, 'Komunitas Marjinal dan PK4L', NULL, 'Kontributor', 'sudah', 10, NULL, '2024-10-29 12:40:43', '2024-10-29 12:40:43'),
(520, 'Komunitas Marjinal dan PK4L', NULL, 'Kontributor', 'sudah', 10, NULL, '2024-10-29 12:40:43', '2024-10-29 12:40:43'),
(521, 'Komunitas Marjinal dan PK4L', NULL, 'Kontributor', 'sudah', 10, NULL, '2024-10-29 12:40:43', '2024-10-29 12:40:43'),
(522, 'Komunitas Marjinal dan PK4L', NULL, 'Kontributor', 'sudah', 10, NULL, '2024-10-29 12:40:43', '2024-10-29 12:40:43'),
(523, 'Komunitas Marjinal dan PK4L', NULL, 'Kontributor', 'sudah', 10, NULL, '2024-10-29 12:40:43', '2024-10-29 12:40:43'),
(524, 'Komunitas Marjinal dan PK4L', NULL, 'Kontributor', 'sudah', 10, NULL, '2024-10-29 12:40:43', '2024-10-29 12:40:43'),
(525, 'Komunitas Marjinal dan PK4L', NULL, 'Kontributor', 'sudah', 10, NULL, '2024-10-29 12:40:43', '2024-10-29 12:40:43'),
(526, 'Komunitas Marjinal dan PK4L', NULL, 'Kontributor', 'sudah', 10, NULL, '2024-10-29 12:40:43', '2024-10-29 12:40:43'),
(527, 'Komunitas Marjinal dan PK4L', NULL, 'Kontributor', 'sudah', 10, NULL, '2024-10-29 12:40:43', '2024-10-29 12:40:43'),
(528, 'Komunitas Marjinal dan PK4L', NULL, 'Kontributor', 'sudah', 10, NULL, '2024-10-29 12:40:43', '2024-10-29 12:40:43'),
(529, 'Komunitas Marjinal dan PK4L', NULL, 'Kontributor', 'sudah', 10, NULL, '2024-10-29 12:40:43', '2024-10-29 12:40:43'),
(530, 'Komunitas Marjinal dan PK4L', NULL, 'Kontributor', 'sudah', 10, NULL, '2024-10-29 12:40:43', '2024-10-29 12:40:43'),
(531, 'Komunitas Marjinal dan PK4L', NULL, 'Kontributor', 'sudah', 10, NULL, '2024-10-29 12:40:43', '2024-10-29 12:40:43'),
(532, 'Komunitas Marjinal dan PK4L', NULL, 'Kontributor', 'sudah', 10, NULL, '2024-10-29 12:40:43', '2024-10-29 12:40:43'),
(533, 'Komunitas Marjinal dan PK4L', NULL, 'Kontributor', 'sudah', 10, NULL, '2024-10-29 12:40:43', '2024-10-29 12:40:43'),
(534, 'Komunitas Marjinal dan PK4L', NULL, 'Kontributor', 'sudah', 10, NULL, '2024-10-29 12:40:43', '2024-10-29 12:40:43'),
(535, 'Komunitas Marjinal dan PK4L', NULL, 'Kontributor', 'sudah', 10, NULL, '2024-10-29 12:40:43', '2024-10-29 12:40:43'),
(536, 'Komunitas Marjinal dan PK4L', NULL, 'Kontributor', 'sudah', 10, NULL, '2024-10-29 12:40:43', '2024-10-29 12:40:43'),
(537, 'Komunitas Marjinal dan PK4L', NULL, 'Kontributor', 'sudah', 10, NULL, '2024-10-29 12:40:43', '2024-10-29 12:40:43'),
(538, 'Komunitas Marjinal dan PK4L', NULL, 'Kontributor', 'sudah', 10, NULL, '2024-10-29 12:40:43', '2024-10-29 12:40:43');
INSERT INTO `heroes` (`id`, `name`, `phone`, `faculty`, `status`, `donation`, `code`, `created_at`, `updated_at`) VALUES
(539, 'Komunitas Marjinal dan PK4L', NULL, 'Kontributor', 'sudah', 10, NULL, '2024-10-29 12:40:43', '2024-10-29 12:40:43'),
(540, 'Komunitas Marjinal dan PK4L', NULL, 'Kontributor', 'sudah', 10, NULL, '2024-10-29 12:40:43', '2024-10-29 12:40:43'),
(541, 'Komunitas Marjinal dan PK4L', NULL, 'Kontributor', 'sudah', 10, NULL, '2024-10-29 12:40:43', '2024-10-29 12:40:43'),
(542, 'Komunitas Marjinal dan PK4L', NULL, 'Kontributor', 'sudah', 10, NULL, '2024-10-29 12:40:43', '2024-10-29 12:40:43'),
(543, 'Komunitas Marjinal dan PK4L', NULL, 'Kontributor', 'sudah', 10, NULL, '2024-10-29 12:40:43', '2024-10-29 12:40:43'),
(544, 'Komunitas Marjinal dan PK4L', NULL, 'Kontributor', 'sudah', 10, NULL, '2024-10-29 12:40:43', '2024-10-29 12:40:43'),
(545, 'Sardjito', NULL, 'Kontributor', 'sudah', 22, NULL, '2024-10-29 12:42:05', '2024-10-29 12:42:05'),
(546, 'Sardjito', NULL, 'Kontributor', 'sudah', 22, NULL, '2024-10-29 12:42:05', '2024-10-29 12:42:05'),
(547, 'Sardjito', NULL, 'Kontributor', 'sudah', 22, NULL, '2024-10-29 12:42:05', '2024-10-29 12:42:05'),
(548, 'Sardjito', NULL, 'Kontributor', 'sudah', 22, NULL, '2024-10-29 12:42:05', '2024-10-29 12:42:05'),
(549, 'Sardjito', NULL, 'Kontributor', 'sudah', 22, NULL, '2024-10-29 12:42:05', '2024-10-29 12:42:05'),
(550, 'Sardjito', NULL, 'Kontributor', 'sudah', 22, NULL, '2024-10-29 12:42:05', '2024-10-29 12:42:05'),
(551, 'Sardjito', NULL, 'Kontributor', 'sudah', 22, NULL, '2024-10-29 12:42:05', '2024-10-29 12:42:05'),
(552, 'Sardjito', NULL, 'Kontributor', 'sudah', 22, NULL, '2024-10-29 12:42:05', '2024-10-29 12:42:05'),
(553, 'Sardjito', NULL, 'Kontributor', 'sudah', 22, NULL, '2024-10-29 12:42:05', '2024-10-29 12:42:05'),
(554, 'Sardjito', NULL, 'Kontributor', 'sudah', 22, NULL, '2024-10-29 12:42:05', '2024-10-29 12:42:05'),
(555, 'Sardjito', NULL, 'Kontributor', 'sudah', 22, NULL, '2024-10-29 12:42:05', '2024-10-29 12:42:05'),
(556, 'Sardjito', NULL, 'Kontributor', 'sudah', 22, NULL, '2024-10-29 12:42:05', '2024-10-29 12:42:05'),
(557, 'Sardjito', NULL, 'Kontributor', 'sudah', 22, NULL, '2024-10-29 12:42:05', '2024-10-29 12:42:05'),
(558, 'Sardjito', NULL, 'Kontributor', 'sudah', 22, NULL, '2024-10-29 12:42:05', '2024-10-29 12:42:05'),
(559, 'Sardjito', NULL, 'Kontributor', 'sudah', 22, NULL, '2024-10-29 12:42:05', '2024-10-29 12:42:05'),
(560, 'Sardjito', NULL, 'Kontributor', 'sudah', 22, NULL, '2024-10-29 12:42:05', '2024-10-29 12:42:05'),
(561, 'Sardjito', NULL, 'Kontributor', 'sudah', 22, NULL, '2024-10-29 12:42:05', '2024-10-29 12:42:05'),
(562, 'Sardjito', NULL, 'Kontributor', 'sudah', 22, NULL, '2024-10-29 12:42:05', '2024-10-29 12:42:05'),
(563, 'Sardjito', NULL, 'Kontributor', 'sudah', 22, NULL, '2024-10-29 12:42:05', '2024-10-29 12:42:05'),
(564, 'Sardjito', NULL, 'Kontributor', 'sudah', 22, NULL, '2024-10-29 12:42:05', '2024-10-29 12:42:05'),
(565, 'Sardjito', NULL, 'Kontributor', 'sudah', 22, NULL, '2024-10-29 12:42:05', '2024-10-29 12:42:05'),
(566, 'Sardjito', NULL, 'Kontributor', 'sudah', 22, NULL, '2024-10-29 12:42:05', '2024-10-29 12:42:05'),
(567, 'Sardjito', NULL, 'Kontributor', 'sudah', 22, NULL, '2024-10-29 12:42:05', '2024-10-29 12:42:05'),
(568, 'Sardjito', NULL, 'Kontributor', 'sudah', 22, NULL, '2024-10-29 12:42:05', '2024-10-29 12:42:05'),
(569, 'Sardjito', NULL, 'Kontributor', 'sudah', 22, NULL, '2024-10-29 12:42:05', '2024-10-29 12:42:05'),
(570, 'Sardjito', NULL, 'Kontributor', 'sudah', 22, NULL, '2024-10-29 12:42:05', '2024-10-29 12:42:05'),
(571, 'Sardjito', NULL, 'Kontributor', 'sudah', 22, NULL, '2024-10-29 12:42:05', '2024-10-29 12:42:05'),
(572, 'Sardjito', NULL, 'Kontributor', 'sudah', 22, NULL, '2024-10-29 12:42:05', '2024-10-29 12:42:05'),
(573, 'Sardjito', NULL, 'Kontributor', 'sudah', 22, NULL, '2024-10-29 12:42:05', '2024-10-29 12:42:05'),
(574, 'Sardjito', NULL, 'Kontributor', 'sudah', 22, NULL, '2024-10-29 12:42:05', '2024-10-29 12:42:05'),
(575, 'Sardjito', NULL, 'Kontributor', 'sudah', 22, NULL, '2024-10-29 12:42:05', '2024-10-29 12:42:05'),
(576, 'Sardjito', NULL, 'Kontributor', 'sudah', 22, NULL, '2024-10-29 12:42:05', '2024-10-29 12:42:05'),
(577, 'Sardjito', NULL, 'Kontributor', 'sudah', 22, NULL, '2024-10-29 12:42:05', '2024-10-29 12:42:05'),
(578, 'RZIS UGM', NULL, 'Kontributor', 'sudah', 23, NULL, '2024-10-29 12:42:53', '2024-10-29 12:42:53'),
(579, 'RZIS UGM', NULL, 'Kontributor', 'sudah', 23, NULL, '2024-10-29 12:42:53', '2024-10-29 12:42:53'),
(580, 'RZIS UGM', NULL, 'Kontributor', 'sudah', 23, NULL, '2024-10-29 12:42:53', '2024-10-29 12:42:53'),
(581, 'RZIS UGM', NULL, 'Kontributor', 'sudah', 23, NULL, '2024-10-29 12:42:53', '2024-10-29 12:42:53'),
(582, 'RZIS UGM', NULL, 'Kontributor', 'sudah', 23, NULL, '2024-10-29 12:42:53', '2024-10-29 12:42:53'),
(583, 'RZIS UGM', NULL, 'Kontributor', 'sudah', 23, NULL, '2024-10-29 12:42:53', '2024-10-29 12:42:53'),
(584, 'RZIS UGM', NULL, 'Kontributor', 'sudah', 23, NULL, '2024-10-29 12:42:53', '2024-10-29 12:42:53'),
(585, 'RZIS UGM', NULL, 'Kontributor', 'sudah', 23, NULL, '2024-10-29 12:42:53', '2024-10-29 12:42:53'),
(586, 'RZIS UGM', NULL, 'Kontributor', 'sudah', 23, NULL, '2024-10-29 12:42:53', '2024-10-29 12:42:53'),
(587, 'RZIS UGM', NULL, 'Kontributor', 'sudah', 23, NULL, '2024-10-29 12:42:53', '2024-10-29 12:42:53'),
(588, 'RZIS UGM', NULL, 'Kontributor', 'sudah', 23, NULL, '2024-10-29 12:42:53', '2024-10-29 12:42:53'),
(589, 'RZIS UGM', NULL, 'Kontributor', 'sudah', 23, NULL, '2024-10-29 12:42:53', '2024-10-29 12:42:53'),
(590, 'RZIS UGM', NULL, 'Kontributor', 'sudah', 23, NULL, '2024-10-29 12:42:53', '2024-10-29 12:42:53'),
(591, 'RZIS UGM', NULL, 'Kontributor', 'sudah', 23, NULL, '2024-10-29 12:42:53', '2024-10-29 12:42:53'),
(592, 'RZIS UGM', NULL, 'Kontributor', 'sudah', 23, NULL, '2024-10-29 12:42:53', '2024-10-29 12:42:53'),
(593, 'RZIS UGM', NULL, 'Kontributor', 'sudah', 23, NULL, '2024-10-29 12:42:53', '2024-10-29 12:42:53'),
(594, 'RZIS UGM', NULL, 'Kontributor', 'sudah', 23, NULL, '2024-10-29 12:42:53', '2024-10-29 12:42:53'),
(595, 'RZIS UGM', NULL, 'Kontributor', 'sudah', 23, NULL, '2024-10-29 12:42:53', '2024-10-29 12:42:53'),
(596, 'RZIS UGM', NULL, 'Kontributor', 'sudah', 23, NULL, '2024-10-29 12:42:53', '2024-10-29 12:42:53'),
(597, 'RZIS UGM', NULL, 'Kontributor', 'sudah', 23, NULL, '2024-10-29 12:42:53', '2024-10-29 12:42:53'),
(598, 'RZIS UGM', NULL, 'Kontributor', 'sudah', 23, NULL, '2024-10-29 12:42:53', '2024-10-29 12:42:53'),
(599, 'RZIS UGM', NULL, 'Kontributor', 'sudah', 23, NULL, '2024-10-29 12:42:53', '2024-10-29 12:42:53'),
(600, 'RZIS UGM', NULL, 'Kontributor', 'sudah', 23, NULL, '2024-10-29 12:42:53', '2024-10-29 12:42:53'),
(601, 'RZIS UGM', NULL, 'Kontributor', 'sudah', 23, NULL, '2024-10-29 12:42:53', '2024-10-29 12:42:53'),
(602, 'RZIS UGM', NULL, 'Kontributor', 'sudah', 23, NULL, '2024-10-29 12:42:53', '2024-10-29 12:42:53'),
(603, 'RZIS UGM', NULL, 'Kontributor', 'sudah', 23, NULL, '2024-10-29 12:42:53', '2024-10-29 12:42:53'),
(604, 'RZIS UGM', NULL, 'Kontributor', 'sudah', 23, NULL, '2024-10-29 12:42:53', '2024-10-29 12:42:53'),
(605, 'RZIS UGM', NULL, 'Kontributor', 'sudah', 23, NULL, '2024-10-29 12:42:53', '2024-10-29 12:42:53'),
(606, 'RZIS UGM', NULL, 'Kontributor', 'sudah', 23, NULL, '2024-10-29 12:42:53', '2024-10-29 12:42:53'),
(607, 'RZIS UGM', NULL, 'Kontributor', 'sudah', 23, NULL, '2024-10-29 12:42:53', '2024-10-29 12:42:53'),
(608, 'RZIS UGM', NULL, 'Kontributor', 'sudah', 23, NULL, '2024-10-29 12:42:53', '2024-10-29 12:42:53'),
(609, 'RZIS UGM', NULL, 'Kontributor', 'sudah', 23, NULL, '2024-10-29 12:42:53', '2024-10-29 12:42:53'),
(610, 'RZIS UGM', NULL, 'Kontributor', 'sudah', 23, NULL, '2024-10-29 12:42:53', '2024-10-29 12:42:53'),
(611, 'RZIS UGM', NULL, 'Kontributor', 'sudah', 23, NULL, '2024-10-29 12:42:53', '2024-10-29 12:42:53'),
(612, 'RZIS UGM', NULL, 'Kontributor', 'sudah', 23, NULL, '2024-10-29 12:42:53', '2024-10-29 12:42:53'),
(613, 'RZIS UGM', NULL, 'Kontributor', 'sudah', 23, NULL, '2024-10-29 12:42:53', '2024-10-29 12:42:53'),
(614, 'RZIS UGM', NULL, 'Kontributor', 'sudah', 23, NULL, '2024-10-29 12:42:53', '2024-10-29 12:42:53'),
(615, 'RZIS UGM', NULL, 'Kontributor', 'sudah', 23, NULL, '2024-10-29 12:42:53', '2024-10-29 12:42:53'),
(616, 'RZIS UGM', NULL, 'Kontributor', 'sudah', 23, NULL, '2024-10-29 12:42:53', '2024-10-29 12:42:53'),
(617, 'RZIS UGM', NULL, 'Kontributor', 'sudah', 23, NULL, '2024-10-29 12:42:53', '2024-10-29 12:42:53'),
(618, 'RZIS UGM', NULL, 'Kontributor', 'sudah', 23, NULL, '2024-10-29 12:42:53', '2024-10-29 12:42:53'),
(619, 'RZIS UGM', NULL, 'Kontributor', 'sudah', 23, NULL, '2024-10-29 12:42:53', '2024-10-29 12:42:53'),
(620, 'RZIS UGM', NULL, 'Kontributor', 'sudah', 23, NULL, '2024-10-29 12:42:53', '2024-10-29 12:42:53'),
(621, 'RZIS UGM', NULL, 'Kontributor', 'sudah', 23, NULL, '2024-10-29 12:42:53', '2024-10-29 12:42:53'),
(622, 'RZIS UGM', NULL, 'Kontributor', 'sudah', 23, NULL, '2024-10-29 12:42:53', '2024-10-29 12:42:53'),
(623, 'RZIS UGM', NULL, 'Kontributor', 'sudah', 23, NULL, '2024-10-29 12:42:53', '2024-10-29 12:42:53'),
(624, 'RZIS UGM', NULL, 'Kontributor', 'sudah', 23, NULL, '2024-10-29 12:42:53', '2024-10-29 12:42:53'),
(625, 'RZIS UGM', NULL, 'Kontributor', 'sudah', 23, NULL, '2024-10-29 12:42:53', '2024-10-29 12:42:53'),
(626, 'RZIS UGM', NULL, 'Kontributor', 'sudah', 23, NULL, '2024-10-29 12:42:53', '2024-10-29 12:42:53'),
(627, 'RZIS UGM', NULL, 'Kontributor', 'sudah', 23, NULL, '2024-10-29 12:42:53', '2024-10-29 12:42:53'),
(628, 'RZIS UGM', NULL, 'Kontributor', 'sudah', 23, NULL, '2024-10-29 12:42:53', '2024-10-29 12:42:53'),
(629, 'RZIS UGM', NULL, 'Kontributor', 'sudah', 23, NULL, '2024-10-29 12:42:53', '2024-10-29 12:42:53'),
(630, 'RZIS UGM', NULL, 'Kontributor', 'sudah', 23, NULL, '2024-10-29 12:42:53', '2024-10-29 12:42:53'),
(631, 'RZIS UGM', NULL, 'Kontributor', 'sudah', 23, NULL, '2024-10-29 12:42:53', '2024-10-29 12:42:53'),
(632, 'RZIS UGM', NULL, 'Kontributor', 'sudah', 23, NULL, '2024-10-29 12:42:53', '2024-10-29 12:42:53'),
(633, 'RZIS UGM', NULL, 'Kontributor', 'sudah', 23, NULL, '2024-10-29 12:42:53', '2024-10-29 12:42:53'),
(634, 'RZIS UGM', NULL, 'Kontributor', 'sudah', 23, NULL, '2024-10-29 12:42:53', '2024-10-29 12:42:53'),
(635, 'RZIS UGM', NULL, 'Kontributor', 'sudah', 23, NULL, '2024-10-29 12:42:53', '2024-10-29 12:42:53'),
(636, 'RZIS UGM', NULL, 'Kontributor', 'sudah', 23, NULL, '2024-10-29 12:42:53', '2024-10-29 12:42:53'),
(637, 'RZIS UGM', NULL, 'Kontributor', 'sudah', 23, NULL, '2024-10-29 12:42:53', '2024-10-29 12:42:53'),
(638, 'Warga Blimbingsari', NULL, 'Kontributor', 'sudah', 31, NULL, '2024-10-29 12:43:10', '2024-10-29 12:43:10'),
(639, 'Warga Blimbingsari', NULL, 'Kontributor', 'sudah', 31, NULL, '2024-10-29 12:43:10', '2024-10-29 12:43:10'),
(640, 'Warga Blimbingsari', NULL, 'Kontributor', 'sudah', 31, NULL, '2024-10-29 12:43:10', '2024-10-29 12:43:10'),
(641, 'Warga Blimbingsari', NULL, 'Kontributor', 'sudah', 31, NULL, '2024-10-29 12:43:10', '2024-10-29 12:43:10'),
(642, 'Warga Blimbingsari', NULL, 'Kontributor', 'sudah', 31, NULL, '2024-10-29 12:43:10', '2024-10-29 12:43:10'),
(643, 'Warga Blimbingsari', NULL, 'Kontributor', 'sudah', 31, NULL, '2024-10-29 12:43:10', '2024-10-29 12:43:10'),
(644, 'Warga Blimbingsari', NULL, 'Kontributor', 'sudah', 31, NULL, '2024-10-29 12:43:10', '2024-10-29 12:43:10'),
(645, 'Warga Blimbingsari', NULL, 'Kontributor', 'sudah', 31, NULL, '2024-10-29 12:43:10', '2024-10-29 12:43:10'),
(646, 'Warga Blimbingsari', NULL, 'Kontributor', 'sudah', 31, NULL, '2024-10-29 12:43:10', '2024-10-29 12:43:10'),
(647, 'Warga Blimbingsari', NULL, 'Kontributor', 'sudah', 31, NULL, '2024-10-29 12:43:10', '2024-10-29 12:43:10'),
(648, 'Warga Blimbingsari', NULL, 'Kontributor', 'sudah', 31, NULL, '2024-10-29 12:43:10', '2024-10-29 12:43:10'),
(649, 'Warga Blimbingsari', NULL, 'Kontributor', 'sudah', 31, NULL, '2024-10-29 12:43:10', '2024-10-29 12:43:10'),
(650, 'Warga Blimbingsari', NULL, 'Kontributor', 'sudah', 31, NULL, '2024-10-29 12:43:10', '2024-10-29 12:43:10'),
(651, 'Warga Blimbingsari', NULL, 'Kontributor', 'sudah', 31, NULL, '2024-10-29 12:43:10', '2024-10-29 12:43:10'),
(652, 'Warga Blimbingsari', NULL, 'Kontributor', 'sudah', 31, NULL, '2024-10-29 12:43:10', '2024-10-29 12:43:10'),
(653, 'Warga Blimbingsari', NULL, 'Kontributor', 'sudah', 31, NULL, '2024-10-29 12:43:10', '2024-10-29 12:43:10'),
(654, 'Warga Blimbingsari', NULL, 'Kontributor', 'sudah', 31, NULL, '2024-10-29 12:43:10', '2024-10-29 12:43:10'),
(655, 'Warga Blimbingsari', NULL, 'Kontributor', 'sudah', 31, NULL, '2024-10-29 12:43:10', '2024-10-29 12:43:10'),
(656, 'Warga Blimbingsari', NULL, 'Kontributor', 'sudah', 31, NULL, '2024-10-29 12:43:10', '2024-10-29 12:43:10'),
(657, 'Warga Blimbingsari', NULL, 'Kontributor', 'sudah', 31, NULL, '2024-10-29 12:43:10', '2024-10-29 12:43:10'),
(658, 'Warga Blimbingsari', NULL, 'Kontributor', 'sudah', 31, NULL, '2024-10-29 12:43:10', '2024-10-29 12:43:10'),
(659, 'Warga Blimbingsari', NULL, 'Kontributor', 'sudah', 31, NULL, '2024-10-29 12:43:10', '2024-10-29 12:43:10'),
(660, 'Warga Blimbingsari', NULL, 'Kontributor', 'sudah', 31, NULL, '2024-10-29 12:43:10', '2024-10-29 12:43:10'),
(661, 'Warga Blimbingsari', NULL, 'Kontributor', 'sudah', 31, NULL, '2024-10-29 12:43:10', '2024-10-29 12:43:10'),
(662, 'Warga Blimbingsari', NULL, 'Kontributor', 'sudah', 31, NULL, '2024-10-29 12:43:10', '2024-10-29 12:43:10'),
(663, 'Warga Blimbingsari', NULL, 'Kontributor', 'sudah', 31, NULL, '2024-10-29 12:43:10', '2024-10-29 12:43:10'),
(664, 'Warga Blimbingsari', NULL, 'Kontributor', 'sudah', 31, NULL, '2024-10-29 12:43:10', '2024-10-29 12:43:10'),
(665, 'Warga Blimbingsari', NULL, 'Kontributor', 'sudah', 31, NULL, '2024-10-29 12:43:10', '2024-10-29 12:43:10'),
(666, 'Warga Blimbingsari', NULL, 'Kontributor', 'sudah', 31, NULL, '2024-10-29 12:43:10', '2024-10-29 12:43:10'),
(667, 'Warga Blimbingsari', NULL, 'Kontributor', 'sudah', 31, NULL, '2024-10-29 12:43:10', '2024-10-29 12:43:10'),
(668, 'Warga Blimbingsari', NULL, 'Kontributor', 'sudah', 31, NULL, '2024-10-29 12:43:10', '2024-10-29 12:43:10'),
(669, 'Warga Blimbingsari', NULL, 'Kontributor', 'sudah', 31, NULL, '2024-10-29 12:43:10', '2024-10-29 12:43:10'),
(670, 'Warga Blimbingsari', NULL, 'Kontributor', 'sudah', 31, NULL, '2024-10-29 12:43:10', '2024-10-29 12:43:10'),
(671, 'Warga Blimbingsari', NULL, 'Kontributor', 'sudah', 31, NULL, '2024-10-29 12:43:10', '2024-10-29 12:43:10'),
(672, 'Warga Blimbingsari', NULL, 'Kontributor', 'sudah', 31, NULL, '2024-10-29 12:43:10', '2024-10-29 12:43:10'),
(673, 'Warga Blimbingsari', NULL, 'Kontributor', 'sudah', 31, NULL, '2024-10-29 12:43:10', '2024-10-29 12:43:10'),
(674, 'Warga Blimbingsari', NULL, 'Kontributor', 'sudah', 31, NULL, '2024-10-29 12:43:10', '2024-10-29 12:43:10'),
(675, 'Warga Blimbingsari', NULL, 'Kontributor', 'sudah', 31, NULL, '2024-10-29 12:43:10', '2024-10-29 12:43:10'),
(676, 'Warga Blimbingsari', NULL, 'Kontributor', 'sudah', 31, NULL, '2024-10-29 12:43:10', '2024-10-29 12:43:10'),
(677, 'Warga Blimbingsari', NULL, 'Kontributor', 'sudah', 31, NULL, '2024-10-29 12:43:10', '2024-10-29 12:43:10'),
(678, 'Warga Blimbingsari', NULL, 'Kontributor', 'sudah', 31, NULL, '2024-10-29 12:43:10', '2024-10-29 12:43:10'),
(679, 'Warga Blimbingsari', NULL, 'Kontributor', 'sudah', 31, NULL, '2024-10-29 12:43:10', '2024-10-29 12:43:10'),
(680, 'Warga Blimbingsari', NULL, 'Kontributor', 'sudah', 31, NULL, '2024-10-29 12:43:10', '2024-10-29 12:43:10'),
(681, 'Warga Blimbingsari', NULL, 'Kontributor', 'sudah', 31, NULL, '2024-10-29 12:43:10', '2024-10-29 12:43:10'),
(682, 'Warga Blimbingsari', NULL, 'Kontributor', 'sudah', 31, NULL, '2024-10-29 12:43:10', '2024-10-29 12:43:10'),
(683, 'Warga Blimbingsari', NULL, 'Kontributor', 'sudah', 31, NULL, '2024-10-29 12:43:10', '2024-10-29 12:43:10'),
(684, 'Warga Blimbingsari', NULL, 'Kontributor', 'sudah', 31, NULL, '2024-10-29 12:43:10', '2024-10-29 12:43:10'),
(685, 'Warga Blimbingsari', NULL, 'Kontributor', 'sudah', 31, NULL, '2024-10-29 12:43:10', '2024-10-29 12:43:10'),
(686, 'Warga Blimbingsari', NULL, 'Kontributor', 'sudah', 31, NULL, '2024-10-29 12:43:10', '2024-10-29 12:43:10'),
(687, 'Warga Blimbingsari', NULL, 'Kontributor', 'sudah', 31, NULL, '2024-10-29 12:43:10', '2024-10-29 12:43:10'),
(688, 'Warga Blimbingsari', NULL, 'Kontributor', 'sudah', 31, NULL, '2024-10-29 12:43:10', '2024-10-29 12:43:10'),
(689, 'Warga Blimbingsari', NULL, 'Kontributor', 'sudah', 31, NULL, '2024-10-29 12:43:10', '2024-10-29 12:43:10'),
(690, 'Warga Blimbingsari', NULL, 'Kontributor', 'sudah', 31, NULL, '2024-10-29 12:43:10', '2024-10-29 12:43:10'),
(691, 'Warga Blimbingsari', NULL, 'Kontributor', 'sudah', 31, NULL, '2024-10-29 12:43:10', '2024-10-29 12:43:10'),
(692, 'Warga Blimbingsari', NULL, 'Kontributor', 'sudah', 31, NULL, '2024-10-29 12:43:10', '2024-10-29 12:43:10'),
(693, 'Warga Blimbingsari', NULL, 'Kontributor', 'sudah', 31, NULL, '2024-10-29 12:43:10', '2024-10-29 12:43:10'),
(694, 'Warga Blimbingsari', NULL, 'Kontributor', 'sudah', 31, NULL, '2024-10-29 12:43:10', '2024-10-29 12:43:10'),
(695, 'Warga Blimbingsari', NULL, 'Kontributor', 'sudah', 31, NULL, '2024-10-29 12:43:10', '2024-10-29 12:43:10'),
(696, 'Warga Blimbingsari', NULL, 'Kontributor', 'sudah', 31, NULL, '2024-10-29 12:43:10', '2024-10-29 12:43:10'),
(697, 'Warga Blimbingsari', NULL, 'Kontributor', 'sudah', 31, NULL, '2024-10-29 12:43:10', '2024-10-29 12:43:10'),
(698, 'Warga Blimbingsari', NULL, 'Kontributor', 'sudah', 31, NULL, '2024-10-29 12:43:10', '2024-10-29 12:43:10'),
(699, 'Warga Blimbingsari', NULL, 'Kontributor', 'sudah', 31, NULL, '2024-10-29 12:43:10', '2024-10-29 12:43:10'),
(700, 'Warga Blimbingsari', NULL, 'Kontributor', 'sudah', 31, NULL, '2024-10-29 12:43:10', '2024-10-29 12:43:10'),
(701, 'Warga Blimbingsari', NULL, 'Kontributor', 'sudah', 31, NULL, '2024-10-29 12:43:10', '2024-10-29 12:43:10'),
(702, 'Warga Blimbingsari', NULL, 'Kontributor', 'sudah', 31, NULL, '2024-10-29 12:43:10', '2024-10-29 12:43:10'),
(703, 'Warga Blimbingsari', NULL, 'Kontributor', 'sudah', 31, NULL, '2024-10-29 12:43:10', '2024-10-29 12:43:10'),
(704, 'Warga Blimbingsari', NULL, 'Kontributor', 'sudah', 31, NULL, '2024-10-29 12:43:10', '2024-10-29 12:43:10'),
(705, 'Warga Blimbingsari', NULL, 'Kontributor', 'sudah', 31, NULL, '2024-10-29 12:43:10', '2024-10-29 12:43:10'),
(706, 'Warga Blimbingsari', NULL, 'Kontributor', 'sudah', 31, NULL, '2024-10-29 12:43:10', '2024-10-29 12:43:10'),
(707, 'Warga Blimbingsari', NULL, 'Kontributor', 'sudah', 31, NULL, '2024-10-29 12:43:10', '2024-10-29 12:43:10'),
(708, 'Warga Blimbingsari', NULL, 'Kontributor', 'sudah', 31, NULL, '2024-10-29 12:43:10', '2024-10-29 12:43:10'),
(709, 'Warga Blimbingsari', NULL, 'Kontributor', 'sudah', 31, NULL, '2024-10-29 12:43:10', '2024-10-29 12:43:10'),
(710, 'Warga Blimbingsari', NULL, 'Kontributor', 'sudah', 31, NULL, '2024-10-29 12:43:10', '2024-10-29 12:43:10'),
(711, 'Warga Blimbingsari', NULL, 'Kontributor', 'sudah', 31, NULL, '2024-10-29 12:43:10', '2024-10-29 12:43:10'),
(712, 'Warga Blimbingsari', NULL, 'Kontributor', 'sudah', 31, NULL, '2024-10-29 12:43:10', '2024-10-29 12:43:10'),
(713, 'Warga Blimbingsari', NULL, 'Kontributor', 'sudah', 31, NULL, '2024-10-29 12:43:10', '2024-10-29 12:43:10'),
(714, 'Warga Blimbingsari', NULL, 'Kontributor', 'sudah', 31, NULL, '2024-10-29 12:43:10', '2024-10-29 12:43:10'),
(715, 'Warga Blimbingsari', NULL, 'Kontributor', 'sudah', 31, NULL, '2024-10-29 12:43:10', '2024-10-29 12:43:10'),
(716, 'Warga Blimbingsari', NULL, 'Kontributor', 'sudah', 31, NULL, '2024-10-29 12:43:10', '2024-10-29 12:43:10'),
(717, 'Warga Blimbingsari', NULL, 'Kontributor', 'sudah', 31, NULL, '2024-10-29 12:43:10', '2024-10-29 12:43:10'),
(718, 'Warga Blimbingsari', NULL, 'Kontributor', 'sudah', 31, NULL, '2024-10-29 12:43:10', '2024-10-29 12:43:10'),
(719, 'Warga Blimbingsari', NULL, 'Kontributor', 'sudah', 31, NULL, '2024-10-29 12:43:10', '2024-10-29 12:43:10'),
(720, 'Warga Blimbingsari', NULL, 'Kontributor', 'sudah', 31, NULL, '2024-10-29 12:43:10', '2024-10-29 12:43:10'),
(721, 'Warga Blimbingsari', NULL, 'Kontributor', 'sudah', 31, NULL, '2024-10-29 12:43:10', '2024-10-29 12:43:10'),
(722, 'Warga Blimbingsari', NULL, 'Kontributor', 'sudah', 31, NULL, '2024-10-29 12:43:10', '2024-10-29 12:43:10'),
(723, 'Warga Blimbingsari', NULL, 'Kontributor', 'sudah', 31, NULL, '2024-10-29 12:43:10', '2024-10-29 12:43:10'),
(724, 'Warga Blimbingsari', NULL, 'Kontributor', 'sudah', 31, NULL, '2024-10-29 12:43:10', '2024-10-29 12:43:10'),
(725, 'Warga Blimbingsari', NULL, 'Kontributor', 'sudah', 31, NULL, '2024-10-29 12:43:10', '2024-10-29 12:43:10'),
(726, 'Warga Blimbingsari', NULL, 'Kontributor', 'sudah', 31, NULL, '2024-10-29 12:43:10', '2024-10-29 12:43:10'),
(727, 'Warga Blimbingsari', NULL, 'Kontributor', 'sudah', 31, NULL, '2024-10-29 12:43:10', '2024-10-29 12:43:10'),
(728, 'Warga Blimbingsari', NULL, 'Kontributor', 'sudah', 31, NULL, '2024-10-29 12:43:10', '2024-10-29 12:43:10'),
(729, 'Warga Blimbingsari', NULL, 'Kontributor', 'sudah', 31, NULL, '2024-10-29 12:43:10', '2024-10-29 12:43:10'),
(730, 'Warga Blimbingsari', NULL, 'Kontributor', 'sudah', 31, NULL, '2024-10-29 12:43:10', '2024-10-29 12:43:10'),
(731, 'Warga Blimbingsari', NULL, 'Kontributor', 'sudah', 31, NULL, '2024-10-29 12:43:10', '2024-10-29 12:43:10'),
(732, 'Warga Blimbingsari', NULL, 'Kontributor', 'sudah', 31, NULL, '2024-10-29 12:43:10', '2024-10-29 12:43:10'),
(733, 'Warga Blimbingsari', NULL, 'Kontributor', 'sudah', 31, NULL, '2024-10-29 12:43:10', '2024-10-29 12:43:10'),
(734, 'Warga Blimbingsari', NULL, 'Kontributor', 'sudah', 31, NULL, '2024-10-29 12:43:10', '2024-10-29 12:43:10'),
(735, 'Warga Blimbingsari', NULL, 'Kontributor', 'sudah', 31, NULL, '2024-10-29 12:43:10', '2024-10-29 12:43:10'),
(736, 'Warga Blimbingsari', NULL, 'Kontributor', 'sudah', 31, NULL, '2024-10-29 12:43:10', '2024-10-29 12:43:10'),
(737, 'Warga Blimbingsari', NULL, 'Kontributor', 'sudah', 31, NULL, '2024-10-29 12:43:10', '2024-10-29 12:43:10'),
(838, 'Yayasan Hamba dan PK4L', NULL, 'Kontributor', 'sudah', 24, NULL, '2024-10-29 12:44:07', '2024-10-29 12:44:07'),
(839, 'Yayasan Hamba dan PK4L', NULL, 'Kontributor', 'sudah', 24, NULL, '2024-10-29 12:44:07', '2024-10-29 12:44:07'),
(840, 'Yayasan Hamba dan PK4L', NULL, 'Kontributor', 'sudah', 24, NULL, '2024-10-29 12:44:07', '2024-10-29 12:44:07'),
(841, 'Yayasan Hamba dan PK4L', NULL, 'Kontributor', 'sudah', 24, NULL, '2024-10-29 12:44:07', '2024-10-29 12:44:07'),
(842, 'Yayasan Hamba dan PK4L', NULL, 'Kontributor', 'sudah', 24, NULL, '2024-10-29 12:44:07', '2024-10-29 12:44:07'),
(843, 'Yayasan Hamba dan PK4L', NULL, 'Kontributor', 'sudah', 24, NULL, '2024-10-29 12:44:07', '2024-10-29 12:44:07'),
(844, 'Yayasan Hamba dan PK4L', NULL, 'Kontributor', 'sudah', 24, NULL, '2024-10-29 12:44:07', '2024-10-29 12:44:07'),
(845, 'Yayasan Hamba dan PK4L', NULL, 'Kontributor', 'sudah', 24, NULL, '2024-10-29 12:44:07', '2024-10-29 12:44:07'),
(846, 'Yayasan Hamba dan PK4L', NULL, 'Kontributor', 'sudah', 24, NULL, '2024-10-29 12:44:07', '2024-10-29 12:44:07'),
(847, 'Yayasan Hamba dan PK4L', NULL, 'Kontributor', 'sudah', 24, NULL, '2024-10-29 12:44:07', '2024-10-29 12:44:07'),
(848, 'Yayasan Hamba dan PK4L', NULL, 'Kontributor', 'sudah', 24, NULL, '2024-10-29 12:44:07', '2024-10-29 12:44:07'),
(849, 'Yayasan Hamba dan PK4L', NULL, 'Kontributor', 'sudah', 24, NULL, '2024-10-29 12:44:07', '2024-10-29 12:44:07'),
(850, 'Yayasan Hamba dan PK4L', NULL, 'Kontributor', 'sudah', 24, NULL, '2024-10-29 12:44:07', '2024-10-29 12:44:07'),
(851, 'Yayasan Hamba dan PK4L', NULL, 'Kontributor', 'sudah', 24, NULL, '2024-10-29 12:44:07', '2024-10-29 12:44:07'),
(852, 'Yayasan Hamba dan PK4L', NULL, 'Kontributor', 'sudah', 24, NULL, '2024-10-29 12:44:07', '2024-10-29 12:44:07'),
(853, 'Yayasan Hamba dan PK4L', NULL, 'Kontributor', 'sudah', 24, NULL, '2024-10-29 12:44:07', '2024-10-29 12:44:07'),
(854, 'Yayasan Hamba dan PK4L', NULL, 'Kontributor', 'sudah', 24, NULL, '2024-10-29 12:44:07', '2024-10-29 12:44:07'),
(855, 'Yayasan Hamba dan PK4L', NULL, 'Kontributor', 'sudah', 24, NULL, '2024-10-29 12:44:07', '2024-10-29 12:44:07'),
(856, 'Yayasan Hamba dan PK4L', NULL, 'Kontributor', 'sudah', 24, NULL, '2024-10-29 12:44:07', '2024-10-29 12:44:07'),
(857, 'Yayasan Hamba dan PK4L', NULL, 'Kontributor', 'sudah', 24, NULL, '2024-10-29 12:44:07', '2024-10-29 12:44:07'),
(858, 'Yayasan Hamba dan PK4L', NULL, 'Kontributor', 'sudah', 24, NULL, '2024-10-29 12:44:07', '2024-10-29 12:44:07'),
(859, 'Yayasan Hamba dan PK4L', NULL, 'Kontributor', 'sudah', 24, NULL, '2024-10-29 12:44:07', '2024-10-29 12:44:07'),
(860, 'Yayasan Hamba dan PK4L', NULL, 'Kontributor', 'sudah', 24, NULL, '2024-10-29 12:44:07', '2024-10-29 12:44:07'),
(861, 'Yayasan Hamba dan PK4L', NULL, 'Kontributor', 'sudah', 24, NULL, '2024-10-29 12:44:07', '2024-10-29 12:44:07'),
(862, 'Yayasan Hamba dan PK4L', NULL, 'Kontributor', 'sudah', 24, NULL, '2024-10-29 12:44:07', '2024-10-29 12:44:07'),
(863, 'Yayasan Hamba dan PK4L', NULL, 'Kontributor', 'sudah', 24, NULL, '2024-10-29 12:44:07', '2024-10-29 12:44:07'),
(864, 'Yayasan Hamba dan PK4L', NULL, 'Kontributor', 'sudah', 24, NULL, '2024-10-29 12:44:07', '2024-10-29 12:44:07'),
(865, 'Yayasan Hamba dan PK4L', NULL, 'Kontributor', 'sudah', 24, NULL, '2024-10-29 12:44:07', '2024-10-29 12:44:07'),
(866, 'Yayasan Hamba dan PK4L', NULL, 'Kontributor', 'sudah', 24, NULL, '2024-10-29 12:44:07', '2024-10-29 12:44:07'),
(867, 'Yayasan Hamba dan PK4L', NULL, 'Kontributor', 'sudah', 24, NULL, '2024-10-29 12:44:07', '2024-10-29 12:44:07'),
(868, 'Yayasan Hamba dan PK4L', NULL, 'Kontributor', 'sudah', 24, NULL, '2024-10-29 12:44:07', '2024-10-29 12:44:07'),
(869, 'Yayasan Hamba dan PK4L', NULL, 'Kontributor', 'sudah', 24, NULL, '2024-10-29 12:44:07', '2024-10-29 12:44:07'),
(870, 'Yayasan Hamba dan PK4L', NULL, 'Kontributor', 'sudah', 24, NULL, '2024-10-29 12:44:07', '2024-10-29 12:44:07'),
(871, 'Yayasan Hamba dan PK4L', NULL, 'Kontributor', 'sudah', 24, NULL, '2024-10-29 12:44:07', '2024-10-29 12:44:07'),
(872, 'Yayasan Hamba dan PK4L', NULL, 'Kontributor', 'sudah', 24, NULL, '2024-10-29 12:44:07', '2024-10-29 12:44:07'),
(873, 'Yayasan Hamba dan PK4L', NULL, 'Kontributor', 'sudah', 24, NULL, '2024-10-29 12:44:07', '2024-10-29 12:44:07'),
(874, 'Yayasan Hamba dan PK4L', NULL, 'Kontributor', 'sudah', 24, NULL, '2024-10-29 12:44:07', '2024-10-29 12:44:07'),
(875, 'Yayasan Hamba dan PK4L', NULL, 'Kontributor', 'sudah', 24, NULL, '2024-10-29 12:44:07', '2024-10-29 12:44:07'),
(876, 'Yayasan Hamba dan PK4L', NULL, 'Kontributor', 'sudah', 24, NULL, '2024-10-29 12:44:07', '2024-10-29 12:44:07'),
(877, 'Yayasan Hamba dan PK4L', NULL, 'Kontributor', 'sudah', 24, NULL, '2024-10-29 12:44:07', '2024-10-29 12:44:07'),
(878, 'Sardjito', NULL, 'Kontributor', 'sudah', 25, NULL, '2024-10-29 12:44:52', '2024-10-29 12:44:52'),
(879, 'Sardjito', NULL, 'Kontributor', 'sudah', 25, NULL, '2024-10-29 12:44:52', '2024-10-29 12:44:52'),
(880, 'Sardjito', NULL, 'Kontributor', 'sudah', 25, NULL, '2024-10-29 12:44:52', '2024-10-29 12:44:52'),
(881, 'Sardjito', NULL, 'Kontributor', 'sudah', 25, NULL, '2024-10-29 12:44:52', '2024-10-29 12:44:52'),
(882, 'Sardjito', NULL, 'Kontributor', 'sudah', 25, NULL, '2024-10-29 12:44:52', '2024-10-29 12:44:52'),
(883, 'Sardjito', NULL, 'Kontributor', 'sudah', 25, NULL, '2024-10-29 12:44:52', '2024-10-29 12:44:52'),
(884, 'Sardjito', NULL, 'Kontributor', 'sudah', 25, NULL, '2024-10-29 12:44:52', '2024-10-29 12:44:52'),
(885, 'Sardjito', NULL, 'Kontributor', 'sudah', 25, NULL, '2024-10-29 12:44:52', '2024-10-29 12:44:52'),
(886, 'Sardjito', NULL, 'Kontributor', 'sudah', 25, NULL, '2024-10-29 12:44:52', '2024-10-29 12:44:52'),
(887, 'Sardjito', NULL, 'Kontributor', 'sudah', 25, NULL, '2024-10-29 12:44:52', '2024-10-29 12:44:52'),
(888, 'Sardjito', NULL, 'Kontributor', 'sudah', 25, NULL, '2024-10-29 12:44:52', '2024-10-29 12:44:52'),
(889, 'Sardjito', NULL, 'Kontributor', 'sudah', 25, NULL, '2024-10-29 12:44:52', '2024-10-29 12:44:52'),
(890, 'Sardjito', NULL, 'Kontributor', 'sudah', 25, NULL, '2024-10-29 12:44:52', '2024-10-29 12:44:52'),
(891, 'Sardjito', NULL, 'Kontributor', 'sudah', 25, NULL, '2024-10-29 12:44:52', '2024-10-29 12:44:52'),
(892, 'Sardjito', NULL, 'Kontributor', 'sudah', 25, NULL, '2024-10-29 12:44:52', '2024-10-29 12:44:52'),
(893, 'Sardjito', NULL, 'Kontributor', 'sudah', 25, NULL, '2024-10-29 12:44:52', '2024-10-29 12:44:52'),
(894, 'Sardjito', NULL, 'Kontributor', 'sudah', 25, NULL, '2024-10-29 12:44:52', '2024-10-29 12:44:52'),
(895, 'Sardjito', NULL, 'Kontributor', 'sudah', 25, NULL, '2024-10-29 12:44:52', '2024-10-29 12:44:52'),
(896, 'Sardjito', NULL, 'Kontributor', 'sudah', 25, NULL, '2024-10-29 12:44:52', '2024-10-29 12:44:52'),
(897, 'Sardjito', NULL, 'Kontributor', 'sudah', 25, NULL, '2024-10-29 12:44:52', '2024-10-29 12:44:52'),
(898, 'Sardjito', NULL, 'Kontributor', 'sudah', 25, NULL, '2024-10-29 12:44:52', '2024-10-29 12:44:52'),
(899, 'Sardjito', NULL, 'Kontributor', 'sudah', 25, NULL, '2024-10-29 12:44:52', '2024-10-29 12:44:52'),
(900, 'Sardjito', NULL, 'Kontributor', 'sudah', 25, NULL, '2024-10-29 12:44:52', '2024-10-29 12:44:52'),
(901, 'Sardjito', NULL, 'Kontributor', 'sudah', 25, NULL, '2024-10-29 12:44:52', '2024-10-29 12:44:52'),
(902, 'Sardjito', NULL, 'Kontributor', 'sudah', 25, NULL, '2024-10-29 12:44:52', '2024-10-29 12:44:52'),
(903, 'Sardjito', NULL, 'Kontributor', 'sudah', 25, NULL, '2024-10-29 12:44:52', '2024-10-29 12:44:52'),
(904, 'Sardjito', NULL, 'Kontributor', 'sudah', 25, NULL, '2024-10-29 12:44:52', '2024-10-29 12:44:52'),
(905, 'Sardjito', NULL, 'Kontributor', 'sudah', 25, NULL, '2024-10-29 12:44:52', '2024-10-29 12:44:52'),
(906, 'Sardjito', NULL, 'Kontributor', 'sudah', 25, NULL, '2024-10-29 12:44:52', '2024-10-29 12:44:52'),
(907, 'Sardjito', NULL, 'Kontributor', 'sudah', 25, NULL, '2024-10-29 12:44:52', '2024-10-29 12:44:52'),
(908, 'Sardjito', NULL, 'Kontributor', 'sudah', 25, NULL, '2024-10-29 12:44:52', '2024-10-29 12:44:52'),
(909, 'Sardjito', NULL, 'Kontributor', 'sudah', 25, NULL, '2024-10-29 12:44:52', '2024-10-29 12:44:52'),
(910, 'Sardjito', NULL, 'Kontributor', 'sudah', 25, NULL, '2024-10-29 12:44:52', '2024-10-29 12:44:52'),
(911, 'Ditmawa', NULL, 'Kontributor', 'sudah', 26, NULL, '2024-10-29 12:45:26', '2024-10-29 12:45:26'),
(912, 'Ditmawa', NULL, 'Kontributor', 'sudah', 26, NULL, '2024-10-29 12:45:26', '2024-10-29 12:45:26'),
(913, 'Ditmawa', NULL, 'Kontributor', 'sudah', 26, NULL, '2024-10-29 12:45:26', '2024-10-29 12:45:26'),
(914, 'Ditmawa', NULL, 'Kontributor', 'sudah', 26, NULL, '2024-10-29 12:45:26', '2024-10-29 12:45:26'),
(915, 'Ditmawa', NULL, 'Kontributor', 'sudah', 26, NULL, '2024-10-29 12:45:26', '2024-10-29 12:45:26'),
(916, 'Ditmawa', NULL, 'Kontributor', 'sudah', 26, NULL, '2024-10-29 12:45:26', '2024-10-29 12:45:26'),
(917, 'Ditmawa', NULL, 'Kontributor', 'sudah', 26, NULL, '2024-10-29 12:45:26', '2024-10-29 12:45:26'),
(918, 'Ditmawa', NULL, 'Kontributor', 'sudah', 26, NULL, '2024-10-29 12:45:26', '2024-10-29 12:45:26'),
(919, 'Ditmawa', NULL, 'Kontributor', 'sudah', 26, NULL, '2024-10-29 12:45:26', '2024-10-29 12:45:26'),
(920, 'Ditmawa', NULL, 'Kontributor', 'sudah', 26, NULL, '2024-10-29 12:45:26', '2024-10-29 12:45:26'),
(921, 'Ditmawa', NULL, 'Kontributor', 'sudah', 26, NULL, '2024-10-29 12:45:26', '2024-10-29 12:45:26'),
(922, 'Ditmawa', NULL, 'Kontributor', 'sudah', 26, NULL, '2024-10-29 12:45:26', '2024-10-29 12:45:26'),
(923, 'Ditmawa', NULL, 'Kontributor', 'sudah', 26, NULL, '2024-10-29 12:45:26', '2024-10-29 12:45:26'),
(924, 'Ditmawa', NULL, 'Kontributor', 'sudah', 26, NULL, '2024-10-29 12:45:26', '2024-10-29 12:45:26'),
(925, 'Ditmawa', NULL, 'Kontributor', 'sudah', 26, NULL, '2024-10-29 12:45:26', '2024-10-29 12:45:26'),
(926, 'Volunteer', NULL, 'Kontributor', 'sudah', 11, NULL, '2024-10-29 12:46:35', '2024-10-29 12:46:35'),
(927, 'Volunteer', NULL, 'Kontributor', 'sudah', 11, NULL, '2024-10-29 12:46:35', '2024-10-29 12:46:35'),
(928, 'Volunteer', NULL, 'Kontributor', 'sudah', 11, NULL, '2024-10-29 12:46:35', '2024-10-29 12:46:35'),
(929, 'Volunteer', NULL, 'Kontributor', 'sudah', 11, NULL, '2024-10-29 12:46:35', '2024-10-29 12:46:35'),
(930, 'Volunteer', NULL, 'Kontributor', 'sudah', 11, NULL, '2024-10-29 12:46:35', '2024-10-29 12:46:35'),
(931, 'Volunteer', NULL, 'Kontributor', 'sudah', 11, NULL, '2024-10-29 12:46:35', '2024-10-29 12:46:35'),
(932, 'Volunteer', NULL, 'Kontributor', 'sudah', 11, NULL, '2024-10-29 12:46:35', '2024-10-29 12:46:35'),
(933, 'Volunteer', NULL, 'Kontributor', 'sudah', 11, NULL, '2024-10-29 12:46:35', '2024-10-29 12:46:35'),
(934, 'Yayasan Hamba', NULL, 'Kontributor', 'sudah', 27, NULL, '2024-10-29 12:47:36', '2024-10-29 12:47:36'),
(935, 'Yayasan Hamba', NULL, 'Kontributor', 'sudah', 27, NULL, '2024-10-29 12:47:36', '2024-10-29 12:47:36'),
(936, 'Yayasan Hamba', NULL, 'Kontributor', 'sudah', 27, NULL, '2024-10-29 12:47:36', '2024-10-29 12:47:36'),
(937, 'Yayasan Hamba', NULL, 'Kontributor', 'sudah', 27, NULL, '2024-10-29 12:47:36', '2024-10-29 12:47:36'),
(938, 'Yayasan Hamba', NULL, 'Kontributor', 'sudah', 27, NULL, '2024-10-29 12:47:36', '2024-10-29 12:47:36'),
(939, 'Yayasan Hamba', NULL, 'Kontributor', 'sudah', 27, NULL, '2024-10-29 12:47:36', '2024-10-29 12:47:36'),
(940, 'Yayasan Hamba', NULL, 'Kontributor', 'sudah', 27, NULL, '2024-10-29 12:47:36', '2024-10-29 12:47:36'),
(941, 'Yayasan Hamba', NULL, 'Kontributor', 'sudah', 27, NULL, '2024-10-29 12:47:36', '2024-10-29 12:47:36'),
(942, 'Yayasan Hamba', NULL, 'Kontributor', 'sudah', 27, NULL, '2024-10-29 12:47:36', '2024-10-29 12:47:36'),
(943, 'Yayasan Hamba', NULL, 'Kontributor', 'sudah', 27, NULL, '2024-10-29 12:47:36', '2024-10-29 12:47:36'),
(944, 'Yayasan Hamba', NULL, 'Kontributor', 'sudah', 27, NULL, '2024-10-29 12:47:36', '2024-10-29 12:47:36'),
(945, 'Yayasan Hamba', NULL, 'Kontributor', 'sudah', 27, NULL, '2024-10-29 12:47:36', '2024-10-29 12:47:36'),
(946, 'Yayasan Hamba', NULL, 'Kontributor', 'sudah', 27, NULL, '2024-10-29 12:47:36', '2024-10-29 12:47:36'),
(947, 'Yayasan Hamba', NULL, 'Kontributor', 'sudah', 27, NULL, '2024-10-29 12:47:36', '2024-10-29 12:47:36'),
(948, 'Yayasan Hamba', NULL, 'Kontributor', 'sudah', 27, NULL, '2024-10-29 12:47:36', '2024-10-29 12:47:36'),
(949, 'Yayasan Hamba', NULL, 'Kontributor', 'sudah', 27, NULL, '2024-10-29 12:47:36', '2024-10-29 12:47:36'),
(950, 'Yayasan Hamba', NULL, 'Kontributor', 'sudah', 27, NULL, '2024-10-29 12:47:36', '2024-10-29 12:47:36'),
(951, 'Yayasan Hamba', NULL, 'Kontributor', 'sudah', 27, NULL, '2024-10-29 12:47:36', '2024-10-29 12:47:36'),
(952, 'Yayasan Hamba', NULL, 'Kontributor', 'sudah', 27, NULL, '2024-10-29 12:47:36', '2024-10-29 12:47:36'),
(953, 'Yayasan Hamba', NULL, 'Kontributor', 'sudah', 27, NULL, '2024-10-29 12:47:36', '2024-10-29 12:47:36'),
(954, 'Yayasan Hamba', NULL, 'Kontributor', 'sudah', 27, NULL, '2024-10-29 12:47:36', '2024-10-29 12:47:36'),
(955, 'Yayasan Hamba', NULL, 'Kontributor', 'sudah', 27, NULL, '2024-10-29 12:47:36', '2024-10-29 12:47:36'),
(956, 'Yayasan Hamba', NULL, 'Kontributor', 'sudah', 27, NULL, '2024-10-29 12:47:36', '2024-10-29 12:47:36'),
(957, 'Yayasan Hamba', NULL, 'Kontributor', 'sudah', 27, NULL, '2024-10-29 12:47:36', '2024-10-29 12:47:36'),
(958, 'Yayasan Hamba', NULL, 'Kontributor', 'sudah', 27, NULL, '2024-10-29 12:47:36', '2024-10-29 12:47:36'),
(959, 'Yayasan Hamba', NULL, 'Kontributor', 'sudah', 27, NULL, '2024-10-29 12:47:36', '2024-10-29 12:47:36'),
(960, 'Yayasan Hamba', NULL, 'Kontributor', 'sudah', 27, NULL, '2024-10-29 12:47:36', '2024-10-29 12:47:36'),
(961, 'Yayasan Hamba', NULL, 'Kontributor', 'sudah', 27, NULL, '2024-10-29 12:47:36', '2024-10-29 12:47:36'),
(962, 'Yayasan Hamba', NULL, 'Kontributor', 'sudah', 27, NULL, '2024-10-29 12:47:36', '2024-10-29 12:47:36'),
(963, 'Yayasan Hamba', NULL, 'Kontributor', 'sudah', 27, NULL, '2024-10-29 12:47:36', '2024-10-29 12:47:36'),
(964, 'RZIS', NULL, 'Kontributor', 'sudah', 28, NULL, '2024-10-29 12:47:48', '2024-10-29 12:47:48'),
(965, 'RZIS', NULL, 'Kontributor', 'sudah', 28, NULL, '2024-10-29 12:47:48', '2024-10-29 12:47:48'),
(966, 'RZIS', NULL, 'Kontributor', 'sudah', 28, NULL, '2024-10-29 12:47:48', '2024-10-29 12:47:48'),
(967, 'RZIS', NULL, 'Kontributor', 'sudah', 28, NULL, '2024-10-29 12:47:48', '2024-10-29 12:47:48'),
(968, 'RZIS', NULL, 'Kontributor', 'sudah', 28, NULL, '2024-10-29 12:47:48', '2024-10-29 12:47:48'),
(969, 'RZIS', NULL, 'Kontributor', 'sudah', 28, NULL, '2024-10-29 12:47:48', '2024-10-29 12:47:48'),
(970, 'RZIS', NULL, 'Kontributor', 'sudah', 28, NULL, '2024-10-29 12:47:48', '2024-10-29 12:47:48'),
(971, 'RZIS', NULL, 'Kontributor', 'sudah', 28, NULL, '2024-10-29 12:47:48', '2024-10-29 12:47:48'),
(972, 'RZIS', NULL, 'Kontributor', 'sudah', 28, NULL, '2024-10-29 12:47:48', '2024-10-29 12:47:48'),
(973, 'RZIS', NULL, 'Kontributor', 'sudah', 28, NULL, '2024-10-29 12:47:48', '2024-10-29 12:47:48'),
(974, 'RZIS', NULL, 'Kontributor', 'sudah', 28, NULL, '2024-10-29 12:47:48', '2024-10-29 12:47:48'),
(975, 'RZIS', NULL, 'Kontributor', 'sudah', 28, NULL, '2024-10-29 12:47:48', '2024-10-29 12:47:48'),
(976, 'RZIS', NULL, 'Kontributor', 'sudah', 28, NULL, '2024-10-29 12:47:48', '2024-10-29 12:47:48'),
(977, 'RZIS', NULL, 'Kontributor', 'sudah', 28, NULL, '2024-10-29 12:47:48', '2024-10-29 12:47:48'),
(978, 'RZIS', NULL, 'Kontributor', 'sudah', 28, NULL, '2024-10-29 12:47:48', '2024-10-29 12:47:48'),
(979, 'RZIS', NULL, 'Kontributor', 'sudah', 28, NULL, '2024-10-29 12:47:48', '2024-10-29 12:47:48'),
(980, 'RZIS', NULL, 'Kontributor', 'sudah', 28, NULL, '2024-10-29 12:47:48', '2024-10-29 12:47:48'),
(981, 'RZIS', NULL, 'Kontributor', 'sudah', 28, NULL, '2024-10-29 12:47:48', '2024-10-29 12:47:48'),
(982, 'RZIS', NULL, 'Kontributor', 'sudah', 28, NULL, '2024-10-29 12:47:48', '2024-10-29 12:47:48'),
(983, 'RZIS', NULL, 'Kontributor', 'sudah', 28, NULL, '2024-10-29 12:47:48', '2024-10-29 12:47:48'),
(984, 'RZIS', NULL, 'Kontributor', 'sudah', 28, NULL, '2024-10-29 12:47:48', '2024-10-29 12:47:48'),
(985, 'RZIS', NULL, 'Kontributor', 'sudah', 28, NULL, '2024-10-29 12:47:48', '2024-10-29 12:47:48'),
(986, 'RZIS', NULL, 'Kontributor', 'sudah', 28, NULL, '2024-10-29 12:47:48', '2024-10-29 12:47:48'),
(987, 'RZIS', NULL, 'Kontributor', 'sudah', 28, NULL, '2024-10-29 12:47:48', '2024-10-29 12:47:48'),
(988, 'RZIS', NULL, 'Kontributor', 'sudah', 28, NULL, '2024-10-29 12:47:48', '2024-10-29 12:47:48'),
(989, 'RZIS', NULL, 'Kontributor', 'sudah', 28, NULL, '2024-10-29 12:47:48', '2024-10-29 12:47:48'),
(990, 'RZIS', NULL, 'Kontributor', 'sudah', 28, NULL, '2024-10-29 12:47:48', '2024-10-29 12:47:48'),
(991, 'RZIS', NULL, 'Kontributor', 'sudah', 28, NULL, '2024-10-29 12:47:48', '2024-10-29 12:47:48'),
(992, 'RZIS', NULL, 'Kontributor', 'sudah', 28, NULL, '2024-10-29 12:47:48', '2024-10-29 12:47:48'),
(993, 'RZIS', NULL, 'Kontributor', 'sudah', 28, NULL, '2024-10-29 12:47:48', '2024-10-29 12:47:48'),
(994, 'RZIS', NULL, 'Kontributor', 'sudah', 28, NULL, '2024-10-29 12:47:48', '2024-10-29 12:47:48'),
(995, 'RZIS', NULL, 'Kontributor', 'sudah', 28, NULL, '2024-10-29 12:47:48', '2024-10-29 12:47:48'),
(996, 'RZIS', NULL, 'Kontributor', 'sudah', 28, NULL, '2024-10-29 12:47:48', '2024-10-29 12:47:48'),
(997, 'RZIS', NULL, 'Kontributor', 'sudah', 28, NULL, '2024-10-29 12:47:48', '2024-10-29 12:47:48'),
(998, 'RZIS', NULL, 'Kontributor', 'sudah', 28, NULL, '2024-10-29 12:47:48', '2024-10-29 12:47:48'),
(999, 'RZIS', NULL, 'Kontributor', 'sudah', 28, NULL, '2024-10-29 12:47:48', '2024-10-29 12:47:48'),
(1000, 'RZIS', NULL, 'Kontributor', 'sudah', 28, NULL, '2024-10-29 12:47:48', '2024-10-29 12:47:48'),
(1001, 'RZIS', NULL, 'Kontributor', 'sudah', 28, NULL, '2024-10-29 12:47:48', '2024-10-29 12:47:48'),
(1002, 'RZIS', NULL, 'Kontributor', 'sudah', 28, NULL, '2024-10-29 12:47:48', '2024-10-29 12:47:48'),
(1003, 'RZIS', NULL, 'Kontributor', 'sudah', 28, NULL, '2024-10-29 12:47:48', '2024-10-29 12:47:48'),
(1004, 'RZIS', NULL, 'Kontributor', 'sudah', 28, NULL, '2024-10-29 12:47:48', '2024-10-29 12:47:48'),
(1005, 'RZIS', NULL, 'Kontributor', 'sudah', 28, NULL, '2024-10-29 12:47:48', '2024-10-29 12:47:48'),
(1006, 'RZIS', NULL, 'Kontributor', 'sudah', 28, NULL, '2024-10-29 12:47:48', '2024-10-29 12:47:48'),
(1007, 'RZIS', NULL, 'Kontributor', 'sudah', 28, NULL, '2024-10-29 12:47:48', '2024-10-29 12:47:48'),
(1008, 'RZIS', NULL, 'Kontributor', 'sudah', 28, NULL, '2024-10-29 12:47:48', '2024-10-29 12:47:48'),
(1009, 'RZIS', NULL, 'Kontributor', 'sudah', 28, NULL, '2024-10-29 12:47:48', '2024-10-29 12:47:48'),
(1010, 'RZIS', NULL, 'Kontributor', 'sudah', 28, NULL, '2024-10-29 12:47:48', '2024-10-29 12:47:48'),
(1011, 'RZIS', NULL, 'Kontributor', 'sudah', 28, NULL, '2024-10-29 12:47:48', '2024-10-29 12:47:48'),
(1012, 'RZIS', NULL, 'Kontributor', 'sudah', 28, NULL, '2024-10-29 12:47:48', '2024-10-29 12:47:48'),
(1013, 'RZIS', NULL, 'Kontributor', 'sudah', 28, NULL, '2024-10-29 12:47:48', '2024-10-29 12:47:48'),
(1014, 'RZIS', NULL, 'Kontributor', 'sudah', 28, NULL, '2024-10-29 12:47:48', '2024-10-29 12:47:48'),
(1015, 'RZIS', NULL, 'Kontributor', 'sudah', 28, NULL, '2024-10-29 12:47:48', '2024-10-29 12:47:48'),
(1016, 'RZIS', NULL, 'Kontributor', 'sudah', 28, NULL, '2024-10-29 12:47:48', '2024-10-29 12:47:48'),
(1017, 'RZIS', NULL, 'Kontributor', 'sudah', 28, NULL, '2024-10-29 12:47:48', '2024-10-29 12:47:48'),
(1018, 'RZIS', NULL, 'Kontributor', 'sudah', 28, NULL, '2024-10-29 12:47:48', '2024-10-29 12:47:48'),
(1019, 'RZIS', NULL, 'Kontributor', 'sudah', 28, NULL, '2024-10-29 12:47:48', '2024-10-29 12:47:48'),
(1020, 'RZIS', NULL, 'Kontributor', 'sudah', 28, NULL, '2024-10-29 12:47:48', '2024-10-29 12:47:48'),
(1021, 'RZIS', NULL, 'Kontributor', 'sudah', 28, NULL, '2024-10-29 12:47:48', '2024-10-29 12:47:48'),
(1022, 'RZIS', NULL, 'Kontributor', 'sudah', 28, NULL, '2024-10-29 12:47:48', '2024-10-29 12:47:48'),
(1023, 'RZIS', NULL, 'Kontributor', 'sudah', 28, NULL, '2024-10-29 12:47:48', '2024-10-29 12:47:48'),
(1024, 'Rumah Singgah', NULL, 'Kontributor', 'sudah', 12, NULL, '2024-10-29 12:49:26', '2024-10-29 12:49:26'),
(1025, 'Rumah Singgah', NULL, 'Kontributor', 'sudah', 12, NULL, '2024-10-29 12:49:26', '2024-10-29 12:49:26'),
(1026, 'Rumah Singgah', NULL, 'Kontributor', 'sudah', 12, NULL, '2024-10-29 12:49:26', '2024-10-29 12:49:26'),
(1027, 'Rumah Singgah', NULL, 'Kontributor', 'sudah', 12, NULL, '2024-10-29 12:49:26', '2024-10-29 12:49:26'),
(1028, 'Rumah Singgah', NULL, 'Kontributor', 'sudah', 12, NULL, '2024-10-29 12:49:26', '2024-10-29 12:49:26'),
(1029, 'Rumah Singgah', NULL, 'Kontributor', 'sudah', 12, NULL, '2024-10-29 12:49:26', '2024-10-29 12:49:26'),
(1030, 'Rumah Singgah', NULL, 'Kontributor', 'sudah', 12, NULL, '2024-10-29 12:49:26', '2024-10-29 12:49:26'),
(1031, 'Rumah Singgah', NULL, 'Kontributor', 'sudah', 12, NULL, '2024-10-29 12:49:26', '2024-10-29 12:49:26'),
(1032, 'Rumah Singgah', NULL, 'Kontributor', 'sudah', 12, NULL, '2024-10-29 12:49:26', '2024-10-29 12:49:26'),
(1033, 'Rumah Singgah', NULL, 'Kontributor', 'sudah', 12, NULL, '2024-10-29 12:49:26', '2024-10-29 12:49:26'),
(1034, 'Rumah Singgah', NULL, 'Kontributor', 'sudah', 12, NULL, '2024-10-29 12:49:26', '2024-10-29 12:49:26'),
(1035, 'Rumah Singgah', NULL, 'Kontributor', 'sudah', 12, NULL, '2024-10-29 12:49:26', '2024-10-29 12:49:26'),
(1036, 'Rumah Singgah', NULL, 'Kontributor', 'sudah', 12, NULL, '2024-10-29 12:49:26', '2024-10-29 12:49:26'),
(1037, 'Rumah Singgah', NULL, 'Kontributor', 'sudah', 12, NULL, '2024-10-29 12:49:26', '2024-10-29 12:49:26'),
(1038, 'Rumah Singgah', NULL, 'Kontributor', 'sudah', 12, NULL, '2024-10-29 12:49:26', '2024-10-29 12:49:26'),
(1039, 'Rumah Singgah', NULL, 'Kontributor', 'sudah', 12, NULL, '2024-10-29 12:49:26', '2024-10-29 12:49:26'),
(1040, 'Sardjito', NULL, 'Kontributor', 'sudah', 29, NULL, '2024-10-29 12:50:46', '2024-10-29 12:50:46'),
(1041, 'Sardjito', NULL, 'Kontributor', 'sudah', 29, NULL, '2024-10-29 12:50:46', '2024-10-29 12:50:46'),
(1042, 'Sardjito', NULL, 'Kontributor', 'sudah', 29, NULL, '2024-10-29 12:50:46', '2024-10-29 12:50:46'),
(1043, 'Sardjito', NULL, 'Kontributor', 'sudah', 29, NULL, '2024-10-29 12:50:46', '2024-10-29 12:50:46'),
(1044, 'Sardjito', NULL, 'Kontributor', 'sudah', 29, NULL, '2024-10-29 12:50:46', '2024-10-29 12:50:46'),
(1045, 'Sardjito', NULL, 'Kontributor', 'sudah', 29, NULL, '2024-10-29 12:50:46', '2024-10-29 12:50:46'),
(1046, 'Sardjito', NULL, 'Kontributor', 'sudah', 29, NULL, '2024-10-29 12:50:46', '2024-10-29 12:50:46'),
(1047, 'Sardjito', NULL, 'Kontributor', 'sudah', 29, NULL, '2024-10-29 12:50:46', '2024-10-29 12:50:46'),
(1048, 'Sardjito', NULL, 'Kontributor', 'sudah', 29, NULL, '2024-10-29 12:50:46', '2024-10-29 12:50:46'),
(1049, 'Sardjito', NULL, 'Kontributor', 'sudah', 29, NULL, '2024-10-29 12:50:46', '2024-10-29 12:50:46'),
(1050, 'Sardjito', NULL, 'Kontributor', 'sudah', 29, NULL, '2024-10-29 12:50:46', '2024-10-29 12:50:46'),
(1051, 'Sardjito', NULL, 'Kontributor', 'sudah', 29, NULL, '2024-10-29 12:50:46', '2024-10-29 12:50:46'),
(1052, 'Sardjito', NULL, 'Kontributor', 'sudah', 29, NULL, '2024-10-29 12:50:46', '2024-10-29 12:50:46'),
(1053, 'Sardjito', NULL, 'Kontributor', 'sudah', 29, NULL, '2024-10-29 12:50:46', '2024-10-29 12:50:46'),
(1054, 'Sardjito', NULL, 'Kontributor', 'sudah', 29, NULL, '2024-10-29 12:50:46', '2024-10-29 12:50:46'),
(1055, 'Sardjito', NULL, 'Kontributor', 'sudah', 29, NULL, '2024-10-29 12:50:46', '2024-10-29 12:50:46'),
(1056, 'Sardjito', NULL, 'Kontributor', 'sudah', 29, NULL, '2024-10-29 12:50:46', '2024-10-29 12:50:46'),
(1057, 'Sardjito', NULL, 'Kontributor', 'sudah', 29, NULL, '2024-10-29 12:50:46', '2024-10-29 12:50:46'),
(1058, 'Sardjito', NULL, 'Kontributor', 'sudah', 29, NULL, '2024-10-29 12:50:46', '2024-10-29 12:50:46'),
(1059, 'Sardjito', NULL, 'Kontributor', 'sudah', 29, NULL, '2024-10-29 12:50:46', '2024-10-29 12:50:46'),
(1060, 'Sardjito', NULL, 'Kontributor', 'sudah', 29, NULL, '2024-10-29 12:50:46', '2024-10-29 12:50:46'),
(1061, 'Sardjito', NULL, 'Kontributor', 'sudah', 29, NULL, '2024-10-29 12:50:46', '2024-10-29 12:50:46'),
(1062, 'Sardjito', NULL, 'Kontributor', 'sudah', 29, NULL, '2024-10-29 12:50:46', '2024-10-29 12:50:46'),
(1063, 'Sardjito', NULL, 'Kontributor', 'sudah', 29, NULL, '2024-10-29 12:50:46', '2024-10-29 12:50:46'),
(1064, 'Sardjito', NULL, 'Kontributor', 'sudah', 29, NULL, '2024-10-29 12:50:46', '2024-10-29 12:50:46'),
(1065, 'Sardjito', NULL, 'Kontributor', 'sudah', 29, NULL, '2024-10-29 12:50:46', '2024-10-29 12:50:46'),
(1066, 'Sardjito', NULL, 'Kontributor', 'sudah', 29, NULL, '2024-10-29 12:50:46', '2024-10-29 12:50:46'),
(1067, 'Sardjito', NULL, 'Kontributor', 'sudah', 29, NULL, '2024-10-29 12:50:46', '2024-10-29 12:50:46'),
(1068, 'Sardjito', NULL, 'Kontributor', 'sudah', 29, NULL, '2024-10-29 12:50:46', '2024-10-29 12:50:46'),
(1069, 'Sardjito', NULL, 'Kontributor', 'sudah', 29, NULL, '2024-10-29 12:50:46', '2024-10-29 12:50:46'),
(1070, 'Sardjito', NULL, 'Kontributor', 'sudah', 29, NULL, '2024-10-29 12:50:46', '2024-10-29 12:50:46'),
(1071, 'Sardjito', NULL, 'Kontributor', 'sudah', 29, NULL, '2024-10-29 12:50:46', '2024-10-29 12:50:46'),
(1072, 'Sardjito', NULL, 'Kontributor', 'sudah', 29, NULL, '2024-10-29 12:50:46', '2024-10-29 12:50:46'),
(1073, 'Sardjito', NULL, 'Kontributor', 'sudah', 29, NULL, '2024-10-29 12:50:46', '2024-10-29 12:50:46'),
(1074, 'Sardjito', NULL, 'Kontributor', 'sudah', 29, NULL, '2024-10-29 12:50:46', '2024-10-29 12:50:46'),
(1075, 'Sardjito', NULL, 'Kontributor', 'sudah', 29, NULL, '2024-10-29 12:50:46', '2024-10-29 12:50:46'),
(1076, 'Sardjito', NULL, 'Kontributor', 'sudah', 29, NULL, '2024-10-29 12:50:46', '2024-10-29 12:50:46'),
(1077, 'Sardjito', NULL, 'Kontributor', 'sudah', 29, NULL, '2024-10-29 12:50:46', '2024-10-29 12:50:46'),
(1078, 'Sardjito', NULL, 'Kontributor', 'sudah', 29, NULL, '2024-10-29 12:50:46', '2024-10-29 12:50:46'),
(1079, 'Sardjito', NULL, 'Kontributor', 'sudah', 29, NULL, '2024-10-29 12:50:46', '2024-10-29 12:50:46'),
(1080, 'Sardjito', NULL, 'Kontributor', 'sudah', 29, NULL, '2024-10-29 12:50:46', '2024-10-29 12:50:46'),
(1081, 'Sardjito', NULL, 'Kontributor', 'sudah', 29, NULL, '2024-10-29 12:50:46', '2024-10-29 12:50:46'),
(1082, 'Sardjito', NULL, 'Kontributor', 'sudah', 29, NULL, '2024-10-29 12:50:46', '2024-10-29 12:50:46'),
(1083, 'Sardjito', NULL, 'Kontributor', 'sudah', 29, NULL, '2024-10-29 12:50:46', '2024-10-29 12:50:46'),
(1084, 'Sardjito', NULL, 'Kontributor', 'sudah', 29, NULL, '2024-10-29 12:50:46', '2024-10-29 12:50:46'),
(1085, 'Sardjito', NULL, 'Kontributor', 'sudah', 29, NULL, '2024-10-29 12:50:46', '2024-10-29 12:50:46'),
(1086, 'Sardjito', NULL, 'Kontributor', 'sudah', 29, NULL, '2024-10-29 12:50:46', '2024-10-29 12:50:46'),
(1087, 'Sardjito', NULL, 'Kontributor', 'sudah', 29, NULL, '2024-10-29 12:50:46', '2024-10-29 12:50:46'),
(1088, 'Sardjito', NULL, 'Kontributor', 'sudah', 29, NULL, '2024-10-29 12:50:46', '2024-10-29 12:50:46'),
(1089, 'Sardjito', NULL, 'Kontributor', 'sudah', 29, NULL, '2024-10-29 12:50:46', '2024-10-29 12:50:46'),
(1090, 'Sardjito', NULL, 'Kontributor', 'sudah', 29, NULL, '2024-10-29 12:50:46', '2024-10-29 12:50:46'),
(1091, 'Sardjito', NULL, 'Kontributor', 'sudah', 29, NULL, '2024-10-29 12:50:46', '2024-10-29 12:50:46');
INSERT INTO `heroes` (`id`, `name`, `phone`, `faculty`, `status`, `donation`, `code`, `created_at`, `updated_at`) VALUES
(1092, 'Sardjito', NULL, 'Kontributor', 'sudah', 29, NULL, '2024-10-29 12:50:46', '2024-10-29 12:50:46'),
(1093, 'Sardjito', NULL, 'Kontributor', 'sudah', 29, NULL, '2024-10-29 12:50:46', '2024-10-29 12:50:46'),
(1094, 'Sardjito', NULL, 'Kontributor', 'sudah', 29, NULL, '2024-10-29 12:50:46', '2024-10-29 12:50:46'),
(1095, 'Sardjito', NULL, 'Kontributor', 'sudah', 29, NULL, '2024-10-29 12:50:46', '2024-10-29 12:50:46'),
(1096, 'Sardjito', NULL, 'Kontributor', 'sudah', 29, NULL, '2024-10-29 12:50:46', '2024-10-29 12:50:46'),
(1097, 'Sardjito', NULL, 'Kontributor', 'sudah', 29, NULL, '2024-10-29 12:50:46', '2024-10-29 12:50:46'),
(1098, 'Sardjito', NULL, 'Kontributor', 'sudah', 29, NULL, '2024-10-29 12:50:46', '2024-10-29 12:50:46'),
(1099, 'Sardjito', NULL, 'Kontributor', 'sudah', 29, NULL, '2024-10-29 12:50:46', '2024-10-29 12:50:46'),
(1100, 'Sardjito', NULL, 'Kontributor', 'sudah', 29, NULL, '2024-10-29 12:50:46', '2024-10-29 12:50:46'),
(1101, 'Sardjito', NULL, 'Kontributor', 'sudah', 29, NULL, '2024-10-29 12:50:46', '2024-10-29 12:50:46'),
(1102, 'Sardjito', NULL, 'Kontributor', 'sudah', 29, NULL, '2024-10-29 12:50:46', '2024-10-29 12:50:46'),
(1103, 'Sardjito', NULL, 'Kontributor', 'sudah', 29, NULL, '2024-10-29 12:50:46', '2024-10-29 12:50:46'),
(1104, 'Sardjito', NULL, 'Kontributor', 'sudah', 29, NULL, '2024-10-29 12:50:46', '2024-10-29 12:50:46'),
(1105, 'Sardjito', NULL, 'Kontributor', 'sudah', 29, NULL, '2024-10-29 12:50:46', '2024-10-29 12:50:46'),
(1106, 'Sardjito', NULL, 'Kontributor', 'sudah', 29, NULL, '2024-10-29 12:50:46', '2024-10-29 12:50:46'),
(1107, 'Sardjito', NULL, 'Kontributor', 'sudah', 29, NULL, '2024-10-29 12:50:46', '2024-10-29 12:50:46'),
(1108, 'Sardjito', NULL, 'Kontributor', 'sudah', 29, NULL, '2024-10-29 12:50:46', '2024-10-29 12:50:46'),
(1109, 'Sardjito', NULL, 'Kontributor', 'sudah', 29, NULL, '2024-10-29 12:50:46', '2024-10-29 12:50:46'),
(1110, 'Sardjito', NULL, 'Kontributor', 'sudah', 29, NULL, '2024-10-29 12:50:46', '2024-10-29 12:50:46'),
(1111, 'Sardjito', NULL, 'Kontributor', 'sudah', 29, NULL, '2024-10-29 12:50:46', '2024-10-29 12:50:46'),
(1112, 'Sardjito', NULL, 'Kontributor', 'sudah', 29, NULL, '2024-10-29 12:50:46', '2024-10-29 12:50:46'),
(1113, 'Sardjito', NULL, 'Kontributor', 'sudah', 29, NULL, '2024-10-29 12:50:46', '2024-10-29 12:50:46'),
(1114, 'Sardjito', NULL, 'Kontributor', 'sudah', 29, NULL, '2024-10-29 12:50:46', '2024-10-29 12:50:46'),
(1115, 'Sardjito', NULL, 'Kontributor', 'sudah', 29, NULL, '2024-10-29 12:50:46', '2024-10-29 12:50:46'),
(1116, 'Sardjito', NULL, 'Kontributor', 'sudah', 29, NULL, '2024-10-29 12:50:46', '2024-10-29 12:50:46'),
(1117, 'Sardjito', NULL, 'Kontributor', 'sudah', 29, NULL, '2024-10-29 12:50:46', '2024-10-29 12:50:46'),
(1118, 'Yayasan Hamba', NULL, 'Kontributor', 'sudah', 30, NULL, '2024-10-29 12:51:32', '2024-10-29 12:51:32'),
(1119, 'Yayasan Hamba', NULL, 'Kontributor', 'sudah', 30, NULL, '2024-10-29 12:51:33', '2024-10-29 12:51:33'),
(1120, 'Yayasan Hamba', NULL, 'Kontributor', 'sudah', 30, NULL, '2024-10-29 12:51:33', '2024-10-29 12:51:33'),
(1121, 'Yayasan Hamba', NULL, 'Kontributor', 'sudah', 30, NULL, '2024-10-29 12:51:33', '2024-10-29 12:51:33'),
(1122, 'Yayasan Hamba', NULL, 'Kontributor', 'sudah', 30, NULL, '2024-10-29 12:51:33', '2024-10-29 12:51:33'),
(1123, 'Yayasan Hamba', NULL, 'Kontributor', 'sudah', 30, NULL, '2024-10-29 12:51:33', '2024-10-29 12:51:33'),
(1124, 'Yayasan Hamba', NULL, 'Kontributor', 'sudah', 30, NULL, '2024-10-29 12:51:33', '2024-10-29 12:51:33'),
(1125, 'Yayasan Hamba', NULL, 'Kontributor', 'sudah', 30, NULL, '2024-10-29 12:51:33', '2024-10-29 12:51:33'),
(1126, 'Yayasan Hamba', NULL, 'Kontributor', 'sudah', 30, NULL, '2024-10-29 12:51:33', '2024-10-29 12:51:33'),
(1127, 'Yayasan Hamba', NULL, 'Kontributor', 'sudah', 30, NULL, '2024-10-29 12:51:33', '2024-10-29 12:51:33'),
(1128, 'Yayasan Hamba', NULL, 'Kontributor', 'sudah', 30, NULL, '2024-10-29 12:51:33', '2024-10-29 12:51:33'),
(1129, 'Yayasan Hamba', NULL, 'Kontributor', 'sudah', 30, NULL, '2024-10-29 12:51:33', '2024-10-29 12:51:33'),
(1130, 'Yayasan Hamba', NULL, 'Kontributor', 'sudah', 30, NULL, '2024-10-29 12:51:33', '2024-10-29 12:51:33'),
(1131, 'Yayasan Hamba', NULL, 'Kontributor', 'sudah', 30, NULL, '2024-10-29 12:51:33', '2024-10-29 12:51:33'),
(1132, 'Yayasan Hamba', NULL, 'Kontributor', 'sudah', 30, NULL, '2024-10-29 12:51:33', '2024-10-29 12:51:33'),
(1133, 'Yayasan Hamba', NULL, 'Kontributor', 'sudah', 30, NULL, '2024-10-29 12:51:33', '2024-10-29 12:51:33'),
(1134, 'Yayasan Hamba', NULL, 'Kontributor', 'sudah', 30, NULL, '2024-10-29 12:51:33', '2024-10-29 12:51:33'),
(1135, 'Yayasan Hamba', NULL, 'Kontributor', 'sudah', 30, NULL, '2024-10-29 12:51:33', '2024-10-29 12:51:33'),
(1136, 'Yayasan Hamba', NULL, 'Kontributor', 'sudah', 30, NULL, '2024-10-29 12:51:33', '2024-10-29 12:51:33'),
(1137, 'Yayasan Hamba', NULL, 'Kontributor', 'sudah', 30, NULL, '2024-10-29 12:51:33', '2024-10-29 12:51:33'),
(1138, 'Yayasan Hamba', NULL, 'Kontributor', 'sudah', 30, NULL, '2024-10-29 12:51:33', '2024-10-29 12:51:33'),
(1139, 'Yayasan Hamba', NULL, 'Kontributor', 'sudah', 30, NULL, '2024-10-29 12:51:33', '2024-10-29 12:51:33'),
(1140, 'Yayasan Hamba', NULL, 'Kontributor', 'sudah', 30, NULL, '2024-10-29 12:51:33', '2024-10-29 12:51:33'),
(1141, 'Yayasan Hamba', NULL, 'Kontributor', 'sudah', 30, NULL, '2024-10-29 12:51:33', '2024-10-29 12:51:33'),
(1142, 'Yayasan Hamba', NULL, 'Kontributor', 'sudah', 30, NULL, '2024-10-29 12:51:33', '2024-10-29 12:51:33'),
(1143, 'Yayasan Hamba', NULL, 'Kontributor', 'sudah', 30, NULL, '2024-10-29 12:51:33', '2024-10-29 12:51:33'),
(1144, 'Yayasan Hamba', NULL, 'Kontributor', 'sudah', 30, NULL, '2024-10-29 12:51:33', '2024-10-29 12:51:33'),
(1145, 'Yayasan Hamba', NULL, 'Kontributor', 'sudah', 30, NULL, '2024-10-29 12:51:33', '2024-10-29 12:51:33'),
(1146, 'Yayasan Hamba', NULL, 'Kontributor', 'sudah', 30, NULL, '2024-10-29 12:51:33', '2024-10-29 12:51:33'),
(1147, 'Yayasan Hamba', NULL, 'Kontributor', 'sudah', 30, NULL, '2024-10-29 12:51:33', '2024-10-29 12:51:33'),
(1148, 'Mahasiswa UGM', NULL, 'Kontributor', 'sudah', 4, NULL, '2024-10-29 13:07:14', '2024-10-29 13:07:14'),
(1149, 'Mahasiswa UGM', NULL, 'Kontributor', 'sudah', 4, NULL, '2024-10-29 13:07:14', '2024-10-29 13:07:14'),
(1150, 'Mahasiswa UGM', NULL, 'Kontributor', 'sudah', 4, NULL, '2024-10-29 13:07:14', '2024-10-29 13:07:14'),
(1151, 'Mahasiswa UGM', NULL, 'Kontributor', 'sudah', 4, NULL, '2024-10-29 13:07:14', '2024-10-29 13:07:14'),
(1152, 'Mahasiswa UGM', NULL, 'Kontributor', 'sudah', 4, NULL, '2024-10-29 13:07:14', '2024-10-29 13:07:14'),
(1153, 'Mahasiswa UGM', NULL, 'Kontributor', 'sudah', 4, NULL, '2024-10-29 13:07:14', '2024-10-29 13:07:14'),
(1154, 'Mahasiswa UGM', NULL, 'Kontributor', 'sudah', 4, NULL, '2024-10-29 13:07:14', '2024-10-29 13:07:14'),
(1155, 'Mahasiswa UGM', NULL, 'Kontributor', 'sudah', 4, NULL, '2024-10-29 13:07:14', '2024-10-29 13:07:14'),
(1156, 'Mahasiswa UGM', NULL, 'Kontributor', 'sudah', 4, NULL, '2024-10-29 13:07:14', '2024-10-29 13:07:14'),
(1157, 'Mahasiswa UGM', NULL, 'Kontributor', 'sudah', 4, NULL, '2024-10-29 13:07:14', '2024-10-29 13:07:14'),
(1158, 'Mahasiswa UGM', NULL, 'Kontributor', 'sudah', 4, NULL, '2024-10-29 13:07:14', '2024-10-29 13:07:14'),
(1159, 'Mahasiswa UGM', NULL, 'Kontributor', 'sudah', 4, NULL, '2024-10-29 13:07:14', '2024-10-29 13:07:14'),
(1160, 'Volunteer', NULL, 'Kontributor', 'sudah', 11, NULL, '2024-10-29 13:10:08', '2024-10-29 13:10:08'),
(1162, 'Komunitas Marjinal PK4L UGM', NULL, 'Kontributor', 'sudah', 10, NULL, '2024-10-29 13:20:47', '2024-10-29 13:20:47'),
(1163, 'Komunitas Marjinal PK4L UGM', NULL, 'Kontributor', 'sudah', 10, NULL, '2024-10-29 13:20:47', '2024-10-29 13:20:47'),
(1164, 'Volunteer', NULL, 'Kontributor', 'sudah', 19, NULL, '2024-10-29 13:26:40', '2024-10-29 13:26:40'),
(1165, 'Volunteer', NULL, 'Kontributor', 'sudah', 19, NULL, '2024-10-29 13:26:40', '2024-10-29 13:26:40'),
(1166, 'Volunteer', NULL, 'Kontributor', 'sudah', 19, NULL, '2024-10-29 13:26:40', '2024-10-29 13:26:40'),
(1167, 'Volunteer', NULL, 'Kontributor', 'sudah', 19, NULL, '2024-10-29 13:26:40', '2024-10-29 13:26:40'),
(1168, 'Volunteer', NULL, 'Kontributor', 'sudah', 19, NULL, '2024-10-29 13:26:40', '2024-10-29 13:26:40'),
(1169, 'Volunteer', NULL, 'Kontributor', 'sudah', 19, NULL, '2024-10-29 13:26:40', '2024-10-29 13:26:40'),
(1170, 'Volunteer', NULL, 'Kontributor', 'sudah', 20, NULL, '2024-10-29 13:28:02', '2024-10-29 13:28:02'),
(1171, 'Volunteer', NULL, 'Kontributor', 'sudah', 20, NULL, '2024-10-29 13:28:02', '2024-10-29 13:28:02'),
(1173, 'Jorgi Marvin Sinemart', '6285362169437', 'Fisipol', 'sudah', 34, '361039', '2024-10-30 10:55:02', '2024-10-31 03:18:11'),
(1174, 'Roman Juleo Pratama', '6282183952004', 'Kehutanan', 'sudah', 34, '110164', '2024-10-30 10:58:43', '2024-10-31 02:56:35'),
(1175, 'devina alleysha', '6287875434939', 'Kehutanan', 'sudah', 34, '895477', '2024-10-30 10:59:54', '2024-10-31 02:56:38'),
(1176, 'Serafin Berlin', '6283147035814', 'Kehutanan', 'sudah', 34, '255368', '2024-10-30 11:00:02', '2024-10-31 02:56:40'),
(1177, 'Tsabita Aulia Zahra', '6285712690538', 'Kehutanan', 'sudah', 34, '769096', '2024-10-30 11:00:07', '2024-10-31 02:56:43'),
(1178, 'aya', '628122540675', 'Kehutanan', 'sudah', 34, '849076', '2024-10-30 11:00:08', '2024-10-31 02:56:45'),
(1179, 'Alif Fatih Firaas Prayoga', '6285600600107', 'Kehutanan', 'sudah', 34, '978777', '2024-10-30 11:00:16', '2024-10-31 02:56:47'),
(1180, 'Tantri Ria Puspita', '6282154704945', 'Kehutanan', 'sudah', 34, '619504', '2024-10-30 11:00:20', '2024-10-31 02:56:53'),
(1181, 'aryo bimo nugroho', '62895421103500', 'Kehutanan', 'sudah', 34, '721580', '2024-10-30 11:00:27', '2024-10-31 02:56:50'),
(1182, 'Mitha Lina Juliyani', '6289675923060', 'Kehutanan', 'sudah', 34, '934043', '2024-10-30 11:00:40', '2024-10-31 02:57:01'),
(1183, 'Adit Muh Rohim', '6285899627258', 'Kehutanan', 'sudah', 34, '513744', '2024-10-30 11:00:42', '2024-10-31 02:57:03'),
(1184, 'putera wijaya fadillah', '6285794519927', 'Fisipol', 'sudah', 34, '852461', '2024-10-30 11:00:49', '2024-10-31 03:18:13'),
(1185, 'Judith Christopher W', '6285700413969', 'Kehutanan', 'sudah', 34, '985857', '2024-10-30 11:00:59', '2024-10-31 02:57:07'),
(1186, 'Melandri Abdul Ghani', '6289508955405', 'Kehutanan', 'sudah', 34, '106415', '2024-10-30 11:01:13', '2024-10-31 02:57:33'),
(1187, 'Galang Febriansyah', '6281545686970', 'Kehutanan', 'sudah', 34, '812643', '2024-10-30 11:01:16', '2024-10-31 02:57:53'),
(1188, 'Ria Rizki Palupi', '6282325604504', 'Pascasarjana', 'sudah', 36, '665611', '2024-11-02 05:20:36', '2024-11-02 05:21:54'),
(1190, 'Nur rahma', '6285729153483', 'Pascasarjana', 'sudah', 36, '519713', '2024-11-02 05:22:11', '2024-11-02 05:22:33'),
(1191, 'Rizkiyatul Marifah', '6285329319337', 'Pascasarjana', 'sudah', 36, '671964', '2024-11-02 05:23:39', '2024-11-02 05:23:45'),
(1192, 'Lia Hanifah', '6285726966407', 'Kedokteran', 'sudah', 35, '774988', '2024-11-02 05:25:43', '2024-11-02 05:28:11'),
(1193, 'Fara', '6281291190348', 'Kedokteran', 'sudah', 36, '050929', '2024-11-02 05:27:08', '2024-11-02 05:28:04'),
(1194, 'Shacita Sinuchi', '6289616000228', 'Kedokteran', 'sudah', 36, '855248', '2024-11-02 05:27:37', '2024-11-02 05:27:56'),
(1195, 'aisyah assyifa', '6285601023458', 'Kedokteran', 'sudah', 36, '798474', '2024-11-02 05:28:42', '2024-11-02 05:28:52'),
(1196, 'Fina Cahya', '6285156894606', 'Kedokteran', 'sudah', 36, '424889', '2024-11-02 05:29:04', '2024-11-02 05:29:12'),
(1197, 'Gien Hidayatullatifah', '6285929093000', 'Kedokteran', 'sudah', 35, '462296', '2024-11-02 05:30:00', '2024-11-02 05:30:10'),
(1198, 'iqlima lulu', '6282265052990', 'Kedokteran', 'sudah', 35, '150180', '2024-11-02 05:30:31', '2024-11-02 05:31:04'),
(1199, 'Zikra Fataha', '6285712002624', 'Kedokteran', 'sudah', 36, '111404', '2024-11-02 05:31:54', '2024-11-02 05:32:00'),
(1200, 'Mutma Innatul Hasanah', '6281271998224', 'MIPA', 'sudah', 36, '186883', '2024-11-02 05:32:45', '2024-11-02 05:33:13'),
(1201, 'Yuan Angelica Pramudita Sujatmiko', '6285335445068', 'Kedokteran', 'sudah', 36, '356544', '2024-11-02 05:34:33', '2024-11-02 05:35:26'),
(1202, 'Machviazka Auvanida', '6289518238767', 'Kedokteran', 'sudah', 36, '006946', '2024-11-02 05:34:33', '2024-11-02 05:35:24'),
(1203, 'Annisa Rahmawati Maulidiyah', '62881027573659', 'Kedokteran', 'sudah', 36, '698186', '2024-11-02 05:35:01', '2024-11-02 05:35:31'),
(1204, 'Vincentia Widya Amaranthi', '6289608232128', 'Kedokteran', 'sudah', 36, '231635', '2024-11-02 05:36:45', '2024-11-02 05:37:09'),
(1205, 'Saraya Husna', '62859152761847', 'Kedokteran', 'sudah', 36, '164464', '2024-11-02 05:36:57', '2024-11-02 05:37:14'),
(1206, 'Syifa Talitha Hindrawan', '6285642498218', 'Kedokteran', 'sudah', 36, '717290', '2024-11-02 05:36:58', '2024-11-02 05:37:12'),
(1207, 'Alya Devina Fitriani', '6287710575100', 'Kedokteran', 'sudah', 35, '383575', '2024-11-02 05:37:53', '2024-11-02 05:38:07'),
(1208, 'Khalifah Azizah Mayda Suroto', '62895709970609', 'Kedokteran', 'sudah', 36, '381332', '2024-11-02 05:39:18', '2024-11-02 05:39:28'),
(1209, 'Alfando Tinal Inso Ode', '628886884949', 'Kedokteran', 'sudah', 35, '038205', '2024-11-02 05:41:13', '2024-11-02 05:41:21'),
(1210, 'El Ahkam Taufiqul Ahmad', '6289653084411', 'Kedokteran', 'sudah', 36, '197261', '2024-11-02 05:42:30', '2024-11-02 05:42:46'),
(1211, 'Azizah Rahma Setiawan', '6285867694906', 'Kedokteran', 'sudah', 36, '166972', '2024-11-02 05:44:19', '2024-11-02 05:44:23'),
(1212, 'Bernardus Vedo Nandawardhana', '6285156922061', 'Kedokteran', 'sudah', 36, '536322', '2024-11-02 05:53:49', '2024-11-02 05:55:17'),
(1213, 'Muhammad Zahy Al Hafizh', '6281272178981', 'Hukum', 'sudah', 35, '108541', '2024-11-02 05:54:08', '2024-11-02 05:55:38'),
(1214, 'Ihsan Fatin', '6285155456891', 'Kedokteran', 'sudah', 35, '927540', '2024-11-02 05:54:55', '2024-11-02 05:55:36'),
(1215, 'viorensia', '62859106732429', 'Hukum', 'sudah', 35, '249183', '2024-11-02 06:05:42', '2024-11-02 06:05:47'),
(1216, 'Muhammad Bintang Akbar', '6285290995055', 'Fisipol', 'sudah', 35, '532226', '2024-11-02 06:18:38', '2024-11-02 06:19:01'),
(1217, 'putera wijaya fadillah', '6285794519927', 'Fisipol', 'sudah', 35, '748277', '2024-11-02 06:19:15', '2024-11-02 06:19:22'),
(1218, 'Abid Harjunanto', '6289631916397', 'Fisipol', 'sudah', 35, '156312', '2024-11-02 06:19:21', '2024-11-02 06:19:27'),
(1219, 'Samuel Rizal Siringo', '628116312559', 'Fisipol', 'sudah', 35, '978949', '2024-11-02 06:19:39', '2024-11-02 06:19:45'),
(1223, 'Nabila Syefa Lulu Shafa', '6285600657213', 'Filsafat', 'belum', 37, '611668', '2024-11-07 00:08:51', '2024-11-07 00:08:51'),
(1224, 'Benediktus Sandy Paskalino Abdurachman', '6281238176319', 'Filsafat', 'sudah', 37, '017842', '2024-11-07 00:08:53', '2024-11-07 04:48:10'),
(1225, 'Najela Paradisa', '628117682300', 'Filsafat', 'belum', 37, '301088', '2024-11-07 00:09:58', '2024-11-07 00:09:58'),
(1226, 'Anas', '6285156486776', 'Filsafat', 'sudah', 37, '101897', '2024-11-07 00:10:24', '2024-11-07 04:44:44'),
(1228, 'Naila Alfi Najwa Alfaiza', '6285785791076', 'Ilmu Budaya', 'sudah', 37, '680793', '2024-11-07 00:13:47', '2024-11-07 04:49:17'),
(1229, 'Fanisa RD', '6285603355892', 'Filsafat', 'sudah', 37, '902371', '2024-11-07 00:14:38', '2024-11-07 04:45:18'),
(1230, 'Varel Febrian', '6281226979509', 'Kehutanan', 'sudah', 37, '574252', '2024-11-07 00:14:59', '2024-11-07 04:15:45'),
(1232, 'Alzena Levia Wijaya', '6287829942425', 'Filsafat', 'sudah', 37, '045883', '2024-11-07 00:16:22', '2024-11-07 04:19:36'),
(1233, 'pramelia', '6282122250204', 'Kehutanan', 'sudah', 37, '472092', '2024-11-07 00:16:29', '2024-11-07 04:15:34'),
(1234, 'zaenal abidin', '6285231957035', 'Filsafat', 'sudah', 37, '368333', '2024-11-07 00:16:46', '2024-11-07 04:17:18'),
(1235, 'Maulana Choerun Alfatih', '6285183101949', 'Vokasi', 'sudah', 37, '008469', '2024-11-07 00:17:49', '2024-11-07 04:35:01'),
(1236, 'Dafa', '6281515933763', 'Vokasi', 'sudah', 37, '317095', '2024-11-07 00:18:34', '2024-11-07 04:35:25'),
(1237, 'ester gloria', '6285942276130', 'Vokasi', 'sudah', 37, '518393', '2024-11-07 00:19:39', '2024-11-07 04:35:09'),
(1238, 'JULEO PRATAAMA', '6282183952004', 'Kehutanan', 'sudah', 37, '314846', '2024-11-07 00:21:30', '2024-11-07 04:30:22'),
(1239, 'Melandri Abdul Ghani', '6289508955405', 'Kehutanan', 'sudah', 37, '459400', '2024-11-07 00:22:39', '2024-11-07 04:30:27'),
(1240, 'Azizah Diah Nurunnisa', '6288232487757', 'Kehutanan', 'sudah', 37, '918091', '2024-11-07 00:22:43', '2024-11-07 04:31:21'),
(1241, 'galuh intana bilqist', '6282361992985', 'Kehutanan', 'sudah', 37, '619703', '2024-11-07 00:22:49', '2024-11-07 04:33:34'),
(1242, 'Diajeng Nirma', '6281230046617', 'Kehutanan', 'sudah', 37, '974875', '2024-11-07 00:22:53', '2024-11-07 04:30:14'),
(1243, 'Aisya Hanum', '6283194040331', 'Kehutanan', 'sudah', 37, '756581', '2024-11-07 00:22:58', '2024-11-07 04:33:39'),
(1244, 'Alifia Citra Ramadhanti', '62895358370357', 'Kehutanan', 'sudah', 37, '538666', '2024-11-07 00:22:58', '2024-11-07 04:33:51'),
(1245, 'Febiola Dini Rahmawati', '6285161301485', 'Kehutanan', 'sudah', 37, '316085', '2024-11-07 00:23:00', '2024-11-07 04:33:44'),
(1246, 'Mikhailova Ken Paramitha', '6289666061499', 'Kehutanan', 'sudah', 37, '624671', '2024-11-07 00:23:03', '2024-11-07 04:33:57'),
(1247, 'andien', '6287831689949', 'Geografi', 'sudah', 37, '060040', '2024-11-07 00:23:37', '2024-11-07 04:29:52'),
(1248, 'Kanaya Tsabitha', '6287711085589', 'Kehutanan', 'sudah', 37, '216566', '2024-11-07 00:24:06', '2024-11-07 04:34:02'),
(1249, 'Judith Christopher W', '6285700413969', 'Kehutanan', 'sudah', 37, '736490', '2024-11-07 00:24:50', '2024-11-07 04:34:16'),
(1250, 'Rama Berliando Putra', '6288216737934', 'Kehutanan', 'sudah', 37, '384707', '2024-11-07 00:25:35', '2024-11-07 04:34:49'),
(1251, 'Syayyidah Syafa Ahmad Azzahra', '6285655013948', 'Ilmu Budaya', 'sudah', 37, '131765', '2024-11-07 00:25:37', '2024-11-07 04:49:01'),
(1252, 'Zahratul Jannah', '6285693086242', 'Ilmu Budaya', 'sudah', 37, '041066', '2024-11-07 00:26:24', '2024-11-07 04:49:21'),
(1253, 'Puji Rahayu', '6282313906767', 'Filsafat', 'sudah', 37, '706549', '2024-11-07 00:27:22', '2024-11-07 04:14:22'),
(1254, 'Ajrina Salsabila Az Zahra', '6282216722817', 'Kehutanan', 'sudah', 37, '977765', '2024-11-07 00:27:34', '2024-11-07 04:34:41'),
(1255, 'Jauza Althaaf', '6285942085516', 'Fisipol', 'sudah', 39, '661144', '2024-11-09 12:42:18', '2024-11-10 05:14:09'),
(1256, 'Samuel Rizal Siringo', '628116312559', 'Fisipol', 'sudah', 39, '432846', '2024-11-09 12:42:49', '2024-11-10 05:14:06'),
(1257, 'Tania Amelinda', '6285175490728', 'Kehutanan', 'sudah', 39, '171181', '2024-11-09 12:49:35', '2024-11-10 05:14:18'),
(1258, 'Rifqy Akbar Syahputra', '6285648406021', 'Kehutanan', 'sudah', 39, '673884', '2024-11-09 12:50:29', '2024-11-10 05:15:24'),
(1260, 'ZELA VINA ZYANDA', '6285326866817', 'Kehutanan', 'sudah', 39, '414773', '2024-11-09 12:50:31', '2024-11-10 05:15:20'),
(1261, 'Maulana Akmal Risandy', '6285707721383', 'Kehutanan', 'sudah', 39, '544360', '2024-11-09 12:50:33', '2024-11-10 05:10:09'),
(1262, 'devina alleysha', '6287875434939', 'Kehutanan', 'sudah', 39, '742474', '2024-11-09 12:50:40', '2024-11-10 05:10:05'),
(1263, 'Varel Febrian', '6281226979509', 'Kehutanan', 'sudah', 39, '722586', '2024-11-09 12:50:40', '2024-11-10 05:15:33'),
(1266, 'Merlin', '6281236985900', 'Kedokteran', 'sudah', 39, '151060', '2024-11-09 12:51:25', '2024-11-10 05:13:34'),
(1267, 'Natalia Mikha Alviani', '6285524433153', 'Vokasi', 'sudah', 39, '666303', '2024-11-09 12:51:32', '2024-11-10 05:57:47'),
(1268, 'Ngurah', '6282247553747', 'Hukum', 'sudah', 39, '594711', '2024-11-09 12:51:33', '2024-11-10 05:13:30'),
(1270, 'Diajeng Nirma', '6281230046617', 'Kehutanan', 'sudah', 39, '824325', '2024-11-09 12:53:20', '2024-11-10 05:55:58'),
(1275, 'mutma inna', '6281271998224', 'MIPA', 'sudah', 40, '902975', '2024-11-10 02:14:45', '2024-11-10 04:29:47'),
(1276, 'Annisa Rahmawati Maulidiyah', '62881027573659', 'Kedokteran', 'sudah', 40, '737776', '2024-11-10 02:17:33', '2024-11-10 04:29:51'),
(1277, 'regin aprilian', '6287729293388', 'Ilmu Budaya', 'sudah', 40, '555724', '2024-11-10 02:20:49', '2024-11-10 06:18:19'),
(1280, 'Maharani Ardiyanti Astutiningtyas', '6281394583176', 'Ilmu Budaya', 'sudah', 40, '288615', '2024-11-10 03:09:13', '2024-11-10 05:35:36'),
(1281, 'Shellina', '628987771916', 'Ilmu Budaya', 'sudah', 40, '021970', '2024-11-10 03:10:14', '2024-11-10 05:35:42'),
(1282, 'Kenzo Cen', '6285786756846', 'Fisipol', 'sudah', 40, '230065', '2024-11-10 03:47:18', '2024-11-10 05:17:35'),
(1283, 'Muhammad Farrel Nandito', '6287785198945', 'Fisipol', 'sudah', 40, '700661', '2024-11-10 03:48:44', '2024-11-10 05:17:42'),
(1287, 'Diska', '6282331365461', 'Ilmu Budaya', 'sudah', 40, '805598', '2024-11-10 04:38:20', '2024-11-10 06:11:47'),
(1288, 'Samuel Rizal Siringo', '628116312559', 'Fisipol', 'sudah', 40, '128172', '2024-11-10 05:08:46', '2024-11-10 05:17:20'),
(1289, 'Jauza Althaaf', '6285942085516', 'Fisipol', 'sudah', 40, '172255', '2024-11-10 05:09:00', '2024-11-10 05:17:25'),
(1291, 'Nasyawana Ladita Agustine', '6282226418588', 'MIPA', 'sudah', 40, '264401', '2024-11-10 05:28:54', '2024-11-10 06:27:15'),
(1296, 'Farizi Hibatul Hakim', '6281315565509', 'Vokasi', 'belum', 41, '843598', '2024-11-13 09:38:03', '2024-11-13 09:38:03'),
(1297, 'suci Ramadhani', '6289620870625', 'Kehutanan', 'belum', 41, '318862', '2024-11-13 09:38:20', '2024-11-13 09:38:20'),
(1298, 'Samuel Rizal Siringo', '628116312559', 'Fisipol', 'belum', 41, '097329', '2024-11-13 09:38:33', '2024-11-13 09:38:33'),
(1299, 'Kenzo Cen', '6285786756846', 'Fisipol', 'belum', 41, '214248', '2024-11-13 09:38:42', '2024-11-13 09:38:42'),
(1300, 'Abid Harjunanto', '6289631916397', 'Fisipol', 'belum', 41, '258401', '2024-11-13 09:38:56', '2024-11-13 09:38:56'),
(1301, 'Jauza Althaaf', '6285942085516', 'Fisipol', 'belum', 41, '630297', '2024-11-13 09:39:00', '2024-11-13 09:39:00'),
(1302, 'Fauzan Muttaqin', '6287734858993', 'Vokasi', 'belum', 41, '500876', '2024-11-13 09:39:08', '2024-11-13 09:39:08'),
(1303, 'Fariz Satrio', '6282229485606', 'Vokasi', 'belum', 41, '598852', '2024-11-13 09:39:21', '2024-11-13 09:39:21'),
(1304, 'Ivan Bagas Prasetyo', '6281398393348', 'Fisipol', 'belum', 41, '629654', '2024-11-13 09:39:25', '2024-11-13 09:39:25'),
(1305, 'Raditya Dwi Ryhartanto', '6285651318200', 'Kehutanan', 'belum', 41, '687071', '2024-11-13 09:39:25', '2024-11-13 09:39:25'),
(1306, 'Mahadri Arkan Abimanyu', '6289514285641', 'Fisipol', 'belum', 41, '307962', '2024-11-13 09:39:54', '2024-11-13 09:39:54'),
(1307, 'Rifqy Akbar Syahputra', '6285648406021', 'Kehutanan', 'belum', 41, '644053', '2024-11-13 09:41:07', '2024-11-13 09:41:07'),
(1308, 'Tsabita Aulia Zahra', '6285712690538', 'Kehutanan', 'belum', 41, '141797', '2024-11-13 09:42:22', '2024-11-13 09:42:22'),
(1309, 'Melandri Abdul Ghani', '6289508955405', 'Kehutanan', 'belum', 41, '574320', '2024-11-13 09:42:36', '2024-11-13 09:42:36'),
(1310, 'Fina nailatul izzah', '6281902411942', 'Kehutanan', 'belum', 41, '814002', '2024-11-13 09:42:37', '2024-11-13 09:42:37'),
(1311, 'Az\'zana', '6285700086029', 'Kehutanan', 'belum', 41, '171367', '2024-11-13 09:42:38', '2024-11-13 09:42:38'),
(1312, 'Diajeng Nirma', '6281230046617', 'Kehutanan', 'belum', 41, '191648', '2024-11-13 09:42:41', '2024-11-13 09:42:41'),
(1313, 'Lisa Andini', '6285934986017', 'Pascasarjana', 'belum', 41, '028323', '2024-11-13 09:42:44', '2024-11-13 09:42:44'),
(1314, 'Baiq Alifa Zalfa Ramadhani', '6287745955363', 'Kehutanan', 'belum', 41, '248206', '2024-11-13 09:42:52', '2024-11-13 09:42:52'),
(1315, 'Muammarizq', '6281373491151', 'Kehutanan', 'belum', 41, '786210', '2024-11-13 09:42:52', '2024-11-13 09:42:52'),
(1316, 'Rama Berliando Putra', '6288216737934', 'Kehutanan', 'belum', 41, '954098', '2024-11-13 09:43:02', '2024-11-13 09:43:02'),
(1317, 'putera wijaya', '6285794519927', 'Fisipol', 'belum', 41, '978975', '2024-11-13 09:43:12', '2024-11-13 09:43:12'),
(1318, 'Galang Febriansyah', '6281545686970', 'Kehutanan', 'belum', 41, '468052', '2024-11-13 09:43:40', '2024-11-13 09:43:40'),
(1319, 'ZELA VINA ZUANDA', '6285326866817', 'Kehutanan', 'belum', 41, '603605', '2024-11-13 09:44:15', '2024-11-13 09:44:15'),
(1320, 'Alifia Citra', '62895358370357', 'Kehutanan', 'belum', 41, '041167', '2024-11-13 09:44:21', '2024-11-13 09:44:21');



INSERT INTO `users` (`id`, `username`, `password`, `role`, `created_at`, `updated_at`) VALUES
(1, 'bitesjogja', '$2y$12$rfIHFAnHs5QP.De/13f7BOwTXhy.2BPCvvqKMjPisVGWNJPKJyNoy', 'super', '2024-10-30 04:40:13', '2024-10-30 04:40:13');

INSERT INTO `users` (`id`, `name`, `password`,`email`,`faculty`, `role`, `created_at`, `updated_at`) VALUES
(1, 'Kamaluddin Arsyad', '$2y$12$rfIHFAnHs5QP.De/13f7BOwTXhy.2BPCvvqKMjPisVGWNJPKJyNoy','kamaluddin.arsyad17@gmail.com','Vokasi', 'super', '2024-10-30 04:40:13', '2024-10-30 04:40:13');
